User ID,Vehicle Model,Battery Capacity (kWh),Charging Station ID,Charging Station Location,Charging Start Time,Charging End Time,Energy Consumed (kWh),Charging Duration (hours),Charging Cost (USD),Time of Day,Day of Week,State of Charge (Start %),State of Charge (End %),Distance Driven (since last charge) (km),Temperature (°C),Vehicle Age (years),Charger Type,User Type,session_duration_h,charge_duration_h,delay_duration_h,utilisation_rate,charging_rate_calc_kw
User_1,BMW i3,108.46300741284072,Station_391,Houston,2024-01-01 00:00:00,2024-01-01 00:39:00,60.71234573492677,0.5913634253585007,13.087716791774506,Evening,Tuesday,29.371575979140047,86.11996244457839,293.6021106383279,27.947953055800944,2.0,DC Fast Charger,Commuter,0.65,0.5913634253585007,0.058636574641499295,0.9097898851669242,102.66503326295718
User_3,Chevy Bolt,75.0,Station_181,San Francisco,2024-01-01 02:00:00,2024-01-01 04:48:00,19.12887570011548,2.4526527258367823,35.66727042356739,Morning,Thursday,6.854604444398554,69.91761524016282,71.79925292594801,21.00200183614421,2.0,Level 2,Commuter,2.8,2.4526527258367823,0.34734727416321753,0.8759474020845651,7.799259756021594
User_4,Hyundai Kona,50.0,Station_327,Houston,2024-01-01 03:00:00,2024-01-01 06:42:00,79.45782398845503,1.266430804620451,13.036238833914622,Evening,Saturday,83.12000296074223,99.62432763119423,199.5777845163286,38.31631316036344,1.0,Level 1,Long-Distance Traveler,3.7,1.266430804620451,2.4335691953795493,0.3422785958433651,62.74154395057416
User_6,Nissan Leaf,50.0,Station_335,San Francisco,2024-01-01 05:00:00,2024-01-01 07:10:00,43.18113714248533,1.1676401541014236,36.90034077796173,Evening,Saturday,75.21774833696946,71.98228757123687,143.68004610728445,-5.274217796522686,0.0,DC Fast Charger,Long-Distance Traveler,2.1666666666666665,1.1676401541014236,0.9990265125652429,0.5389108403545032,36.98154520535145
User_8,Chevy Bolt,75.0,Station_302,Los Angeles,2024-01-01 07:00:00,2024-01-01 10:42:00,51.46761685839947,2.6553964456130235,9.796821321322032,Afternoon,Monday,56.201703032995454,63.786815331776616,116.54316578116932,-4.41745966595273,0.0,Level 2,Long-Distance Traveler,3.7,2.6553964456130235,1.0446035543869767,0.7176747150305468,19.382272256720476
User_10,Hyundai Kona,50.0,Station_452,Chicago,2024-01-01 09:00:00,2024-01-01 12:44:00,78.86860745126785,2.0268746909843576,21.312302451155745,Morning,Wednesday,27.399454625609152,70.05338137780706,54.00630919992556,27.512019364625917,2.830381306943589,DC Fast Charger,Commuter,3.7333333333333334,2.0268746909843576,1.7064586423489758,0.5429128636565244,38.91143729904935
User_11,BMW i3,50.0,Station_206,Los Angeles,2024-01-01 10:00:00,2024-01-01 13:59:00,18.20619747737872,2.6486354477276968,38.221230704051806,Night,Thursday,76.08656557040186,82.2655816267944,64.63464374887128,0.5004335643954789,3.0,DC Fast Charger,Casual Driver,3.9833333333333334,2.6486354477276968,1.3346978856056366,0.6649294011031874,6.87380269451505
User_12,Chevy Bolt,85.0,Station_78,San Francisco,2024-01-01 11:00:00,2024-01-01 14:55:00,22.564929484106763,2.0578886215204486,14.0508613520737,Evening,Sunday,14.618902372078484,85.85749415419053,194.76380668173772,34.26261127319235,0.0,DC Fast Charger,Long-Distance Traveler,3.9166666666666665,2.0578886215204486,1.858778045146218,0.5254183714520294,10.965087832321514
User_15,BMW i3,85.0,Station_96,Houston,2024-01-01 14:00:00,2024-01-01 17:32:00,12.927545290947553,3.4218093378407497,18.552815677456245,Afternoon,Monday,71.68354383511853,63.70663794066834,155.36060543681995,39.50544568765913,4.0,Level 1,Casual Driver,3.533333333333333,3.4218093378407497,0.11152399549258352,0.9684366050492688,3.777985274628179
User_18,Hyundai Kona,50.0,Station_10,Chicago,2024-01-01 17:00:00,2024-01-01 20:13:00,23.824040473705303,0.8482182678183041,6.430589211997161,Evening,Friday,57.59519511951953,74.96195034708379,22.00682916343814,18.40570905025936,6.0,Level 2,Casual Driver,3.216666666666667,0.8482182678183041,2.3684483988483627,0.26369479828548315,28.087157961102324
User_19,Tesla Model 3,100.0,Station_434,New York,2024-01-01 18:00:00,2024-01-01 21:03:00,42.63801819167288,0.8075321582617996,25.0787937101842,Evening,Saturday,55.51705087402344,52.7134886858277,280.8620709755801,37.430356532255,0.0,Level 1,Long-Distance Traveler,3.05,0.8075321582617996,2.2424678417382005,0.26476464205304906,52.800396560615674
User_23,BMW i3,75.0,Station_140,Chicago,2024-01-01 22:00:00,2024-01-02 01:02:00,49.19642958971384,2.5628173042684104,14.856131218606723,Afternoon,Saturday,49.02423910950519,64.48187393759193,298.18812231836336,39.95893731677202,4.257936702758294,DC Fast Charger,Long-Distance Traveler,3.033333333333333,2.5628173042684104,0.47051602906492285,0.8448848255829925,19.196229675746473
User_25,Tesla Model 3,100.0,Station_150,Houston,2024-01-02 00:00:00,2024-01-02 01:55:00,27.60438468247694,0.9571376601264636,24.03753468851581,Morning,Wednesday,65.48688658113335,65.35209627449626,173.47152650529225,35.977821918048456,4.0,Level 1,Long-Distance Traveler,1.9166666666666667,0.9571376601264636,0.9595290065402031,0.4993761705007636,28.84055850318298
User_28,Nissan Leaf,50.0,Station_340,San Francisco,2024-01-02 03:00:00,2024-01-02 06:13:00,10.338517723856468,1.547713717696371,9.855826892937216,Night,Sunday,98.3327953116332,94.50485176968456,162.6865443608225,5.504758728380647,0.0,Level 1,Long-Distance Traveler,3.216666666666667,1.547713717696371,1.668952948970296,0.48115452363617744,6.679864373913024
User_31,Chevy Bolt,100.0,Station_239,New York,2024-01-02 06:00:00,2024-01-02 09:54:00,19.473800595427143,1.435532787267766,36.945272915195176,Afternoon,Wednesday,31.320786979519863,78.05665281794616,154.34561667139718,8.352906076534808,2.0,DC Fast Charger,Casual Driver,3.9,1.435532787267766,2.464467212732234,0.36808533006865796,13.565556125326415
User_32,BMW i3,100.0,Station_58,Chicago,2024-01-02 07:00:00,2024-01-02 09:27:00,38.28919933554271,2.0076640542660726,17.011782945517666,Evening,Wednesday,75.6447784790562,65.61730718592959,238.9093109631085,2.273162900972052,6.0,Level 1,Commuter,2.45,2.0076640542660726,0.44233594573392754,0.8194547160269684,19.0715170967883
User_33,BMW i3,100.0,Station_198,New York,2024-01-02 08:00:00,2024-01-02 09:58:00,16.136238725396332,1.306927271746284,26.438194237490425,Evening,Monday,23.603991432132744,88.2000728013921,35.50388319357353,39.38401391534167,1.0,Level 2,Casual Driver,1.9666666666666666,1.306927271746284,0.6597393949203825,0.6645392907184495,12.346699831150884
User_34,Tesla Model 3,62.0,Station_211,Houston,2024-01-02 09:00:00,2024-01-02 12:03:00,60.06708508895625,0.9991001884039166,18.034390040505443,Afternoon,Monday,22.881466625938916,51.43427868199236,46.35755886056615,13.991597483206988,1.0,Level 2,Casual Driver,3.05,0.9991001884039166,2.050899811596083,0.3275738322635792,60.121182826433724
User_35,Chevy Bolt,75.0,Station_402,Houston,2024-01-02 10:00:00,2024-01-02 13:32:00,57.72437946101146,1.8735815970397776,35.50300017025295,Afternoon,Friday,41.87247964240577,79.64797277486439,157.61465400806637,28.429807376567297,1.8091728675018728,DC Fast Charger,Long-Distance Traveler,3.533333333333333,1.8735815970397776,1.6597517362935557,0.5302589425584276,30.809642639645293
User_36,Hyundai Kona,75.0,Station_390,New York,2024-01-02 11:00:00,2024-01-02 14:16:00,37.37451606078376,2.8916769844807484,29.86624992587584,Evening,Tuesday,24.49220858439769,73.38017572592224,76.20353921863803,59.931973865971024,4.0,Level 1,Commuter,3.2666666666666666,2.8916769844807484,0.3749896821859182,0.8852072401471679,12.924858572159994
User_39,Tesla Model 3,85.0,Station_279,Los Angeles,2024-01-02 14:00:00,2024-01-02 15:25:00,61.52075986084904,1.2804107080349374,26.50571298106416,Afternoon,Monday,87.98462138000619,79.3884433831648,141.24375349788664,5.761050673536548,7.0,Level 2,Commuter,1.4166666666666667,1.2804107080349374,0.13625595863172935,0.9038193233187793,48.04767679213315
User_41,BMW i3,79.7992037611215,Station_410,Los Angeles,2024-01-02 16:00:00,2024-01-02 18:58:00,67.51805822343026,1.9623405401552507,29.222361949491813,Night,Sunday,80.86258863357027,62.52531776559165,119.63099233488512,35.233158486596466,1.9692327223244,Level 2,Casual Driver,2.966666666666667,1.9623405401552507,1.004326126511416,0.6614631034231182,34.40690177969241
User_43,BMW i3,85.0,Station_391,Houston,2024-01-02 18:00:00,2024-01-02 20:53:00,12.049319706245154,1.373881357931789,32.04209859904496,Night,Saturday,36.636852158024986,66.97610432369274,83.24522142563875,39.41613092437325,4.0,Level 1,Commuter,2.8833333333333333,1.373881357931789,1.5094519754015443,0.4764906443694066,8.770276732180088
User_47,Nissan Leaf,75.0,Station_282,San Francisco,2024-01-02 22:00:00,2024-01-03 01:06:00,67.47546614008147,2.1051170788531968,19.03070021272089,Night,Sunday,63.035941874368895,81.75095350359373,97.4539049287794,3.194124642496231,5.0,Level 1,Commuter,3.1,2.1051170788531968,0.9948829211468033,0.6790700254365151,32.05307050040182
User_50,BMW i3,100.0,Station_36,New York,2024-01-03 01:00:00,2024-01-03 03:40:00,8.713190575944605,2.2095428234972503,9.644101413904608,Afternoon,Saturday,27.196196012553663,86.89391764029943,170.47505412270155,5.37807958403098,6.0,Level 2,Long-Distance Traveler,2.6666666666666665,2.2095428234972503,0.45712384316941623,0.8285785588114689,3.943435937644975
User_51,BMW i3,85.0,Station_109,San Francisco,2024-01-03 02:00:00,2024-01-03 02:48:00,9.06588081544948,0.5123781829612861,24.50189331007889,Morning,Tuesday,13.873858113381532,93.62842306259267,226.2193631647091,30.69198380180764,2.6163324827383008,DC Fast Charger,Casual Driver,0.8,0.5123781829612861,0.2876218170387139,0.6404727287016077,17.693729196378513
User_52,BMW i3,50.0,Station_55,Los Angeles,2024-01-03 03:00:00,2024-01-03 05:06:00,58.73397361690925,1.88926151834522,28.10231005717249,Morning,Saturday,83.86192690828396,71.37448250923295,57.38072425225101,1.941105156484872,3.0,Level 1,Commuter,2.1,1.88926151834522,0.21073848165478015,0.8996483420691523,31.088323689752382
User_56,Tesla Model 3,76.87610037599295,Station_69,New York,2024-01-03 07:00:00,2024-01-03 09:33:00,50.26893407436542,1.6783584198879236,38.94193996256931,Evening,Saturday,13.48827068689701,82.69521185847714,133.99209364319893,3.0428293410416227,0.0,DC Fast Charger,Casual Driver,2.55,1.6783584198879236,0.8716415801120763,0.6581797725050681,29.951250864354854
User_58,Nissan Leaf,62.0,Station_130,Houston,2024-01-03 09:00:00,2024-01-03 12:59:00,77.86372676031044,0.9179022472670976,28.30319111612704,Afternoon,Saturday,56.91742176324378,57.46568225034442,129.3894111090679,38.46677944602198,3.0,DC Fast Charger,Casual Driver,3.9833333333333334,0.9179022472670976,3.0654310860662357,0.23043571061098683,84.82790732034574
User_59,BMW i3,100.0,Station_55,Chicago,2024-01-03 10:00:00,2024-01-03 12:59:00,21.89299267514347,1.285283896923329,8.637821690612405,Morning,Saturday,80.22553380560572,64.66736188293022,148.41561166314776,5.073167724155329,7.0,DC Fast Charger,Casual Driver,2.9833333333333334,1.285283896923329,1.6980494364100045,0.430821417963127,17.03358513053047
User_61,Nissan Leaf,62.0,Station_97,Houston,2024-01-03 12:00:00,2024-01-03 14:22:00,21.82768817738645,2.082100007126398,36.06804149617966,Evening,Tuesday,33.255985091753644,51.50113226723436,48.044387156223145,38.65644395728205,7.0,Level 1,Casual Driver,2.3666666666666667,2.082100007126398,0.2845666595402685,0.8797605663914358,10.483496519224282
User_63,Hyundai Kona,124.31591138552656,Station_87,Houston,2024-01-03 14:00:00,2024-01-03 16:50:00,46.1951370011332,0.6505075790560018,30.86418085784876,Afternoon,Sunday,53.00518532661712,59.90164627311141,25.02725725569419,6.17125670947679,1.0,Level 2,Commuter,2.8333333333333335,0.6505075790560018,2.1828257542773315,0.22959091025505943,71.01398736686555
User_65,Nissan Leaf,50.0,Station_119,Los Angeles,2024-01-03 16:00:00,2024-01-03 18:42:00,76.93342189972203,2.1234202003251825,34.22830190454739,Night,Friday,27.1746153338806,92.14463369734484,295.8937220745894,7.9416880917232575,2.5918513275137545,DC Fast Charger,Casual Driver,2.7,2.1234202003251825,0.5765797996748177,0.7864519260463638,36.23089857011833
User_66,BMW i3,62.0,Station_208,Houston,2024-01-03 17:00:00,2024-01-03 18:46:00,59.25460166411963,1.2796206959579637,12.220438303566691,Night,Thursday,77.03697398688679,91.82927487145972,167.29757277309406,35.27145068625696,7.0,Level 2,Long-Distance Traveler,1.7666666666666666,1.2796206959579637,0.4870459707087029,0.7243136014856398,46.30637957895781
User_67,Nissan Leaf,100.0,Station_334,San Francisco,2024-01-03 18:00:00,2024-01-03 21:04:00,37.06292777850246,1.6090994326029475,37.87533457659361,Morning,Wednesday,7.520444726979813,67.79787265012489,98.14598101957088,16.483705935041975,2.0,Level 2,Long-Distance Traveler,3.066666666666667,1.6090994326029475,1.4575672340637194,0.5247063367183524,23.033335931607343
User_68,Nissan Leaf,85.0,Station_413,Los Angeles,2024-01-03 19:00:00,2024-01-03 21:30:00,67.69516175123809,0.8575824648349768,13.775619212920864,Afternoon,Saturday,22.48839981099202,86.77766611416524,81.28450037675881,-7.332648303750763,6.0,DC Fast Charger,Casual Driver,2.5,0.8575824648349768,1.6424175351650232,0.34303298593399073,78.93720374082574
User_69,BMW i3,75.0,Station_154,Los Angeles,2024-01-03 20:00:00,2024-01-03 22:37:00,16.41401693253662,1.702974822474663,21.667786643873225,Morning,Sunday,36.950283611109775,77.13616493524884,188.47148981831265,18.53871081800196,7.0,Level 1,Casual Driver,2.6166666666666667,1.702974822474663,0.9136918441920037,0.6508184034935018,9.638437818290662
User_72,Hyundai Kona,75.0,Station_67,Houston,2024-01-03 23:00:00,2024-01-04 00:36:00,61.13047583037784,0.947277208902377,37.14898172847161,Evening,Saturday,34.89904374917877,92.355661174546,58.85531551787028,7.662649708995332,1.0,DC Fast Charger,Long-Distance Traveler,1.6,0.947277208902377,0.6527227910976231,0.5920482555639855,64.53282656426471
User_73,Hyundai Kona,85.0,Station_343,Chicago,2024-01-04 00:00:00,2024-01-04 02:24:00,22.88203842151127,1.5694707135750048,10.709582024361996,Evening,Thursday,15.67448546968074,96.59770241767578,98.47402709278698,19.21316448676773,3.0,DC Fast Charger,Commuter,2.4,1.5694707135750048,0.8305292864249951,0.6539461306562521,14.579461868001108
User_74,Nissan Leaf,59.83272651224269,Station_413,Los Angeles,2024-01-04 01:00:00,2024-01-04 02:32:00,12.894887186031896,0.5815047780490367,15.197334165353636,Night,Friday,31.54918220388392,97.46254098173988,183.1712811493433,28.637604322914584,2.0,Level 1,Long-Distance Traveler,1.5333333333333334,0.5815047780490367,0.9518285552842968,0.3792422465537195,22.175032214343226
User_75,Hyundai Kona,85.0,Station_34,Houston,2024-01-04 02:00:00,2024-01-04 04:22:00,69.16916705566726,2.285242161327478,20.76646440802641,Afternoon,Wednesday,41.089044871443264,74.39951852877809,276.57481915586186,20.014324466284243,4.0,Level 1,Casual Driver,2.3666666666666667,2.285242161327478,0.08142450533918888,0.9655952794341456,30.26776252696453
User_78,BMW i3,75.0,Station_169,New York,2024-01-04 05:00:00,2024-01-04 08:40:00,31.218889683829406,3.340997592022919,17.60489531315022,Afternoon,Monday,39.51761676284298,71.27176463552543,242.48556290631956,39.83142977123109,3.0,Level 2,Commuter,3.6666666666666665,3.340997592022919,0.3256690746437476,0.9111811614607961,9.344182036637411
User_79,BMW i3,100.0,Station_151,Houston,2024-01-04 06:00:00,2024-01-04 09:55:00,30.651699818598622,1.0288186666188504,39.322054380129146,Evening,Friday,38.12132999285809,81.19721083979802,12.149516678078117,-4.932743443178868,1.0,DC Fast Charger,Casual Driver,3.9166666666666665,1.0288186666188504,2.887848000047816,0.2626771063707703,29.79310233486875
User_81,Hyundai Kona,48.0506947257829,Station_3,Los Angeles,2024-01-04 08:00:00,2024-01-04 11:05:00,51.67374779364138,0.6917553642371982,18.01181177893121,Afternoon,Saturday,55.07217407784221,62.93578010941694,222.2746666893461,2.5542438030517296,7.0,Level 2,Casual Driver,3.0833333333333335,0.6917553642371982,2.391577969096135,0.22435309110395615,74.6994536871026
User_82,Tesla Model 3,50.0,Station_314,San Francisco,2024-01-04 09:00:00,2024-01-04 12:21:00,35.9072426531086,2.7255608456585247,19.2835226965972,Night,Friday,48.88762425560186,43.05075612226932,93.85786768644309,33.076751459606555,6.0,Level 1,Casual Driver,3.35,2.7255608456585247,0.6244391543414753,0.8136002524353805,13.174258322027304
User_83,Hyundai Kona,85.0,Station_32,Chicago,2024-01-04 10:00:00,2024-01-04 13:20:00,41.60783353260332,0.8070687454194462,29.532932865621344,Afternoon,Tuesday,54.997649082294174,97.26161624347915,94.645250164602,17.737387789603858,3.0,Level 1,Commuter,3.3333333333333335,0.8070687454194462,2.526264587913887,0.24212062362583384,51.554261974274674
User_86,Tesla Model 3,100.0,Station_43,Chicago,2024-01-04 13:00:00,2024-01-04 16:26:00,21.65616411567424,1.8944268875741128,18.02550998683417,Afternoon,Wednesday,78.43462826424621,97.7254403635819,170.55772537142218,10.401511433472187,3.0,Level 1,Casual Driver,3.433333333333333,1.8944268875741128,1.5389064457592203,0.5517748216235281,11.431512220250315
User_89,BMW i3,85.0,Station_1,Los Angeles,2024-01-04 16:00:00,2024-01-04 17:56:00,33.07294950547435,1.4696595869919784,15.55083822587802,Evening,Wednesday,105.03222404185644,83.02347311843918,164.68289235141916,-6.514431826571196,1.0,Level 2,Long-Distance Traveler,1.9333333333333333,1.4696595869919784,0.46367374634135494,0.7601687518924026,22.50381639272419
User_91,Chevy Bolt,50.0,Station_270,San Francisco,2024-01-04 18:00:00,2024-01-04 21:41:00,28.440773917754164,1.0796586545757096,13.779804175546838,Night,Friday,13.667240803504384,96.3460346157945,398.3647747436511,27.813135549380647,0.0,Level 2,Long-Distance Traveler,3.683333333333333,1.0796586545757096,2.6036746787576233,0.29311999671738725,26.34237571034058
User_92,Tesla Model 3,62.0,Station_180,New York,2024-01-04 19:00:00,2024-01-04 22:52:00,68.57302471319414,2.9303906461796965,15.889414479213295,Evening,Saturday,50.31669101477427,93.89345034552564,191.45599448624304,37.89979105281139,4.0,Level 1,Commuter,3.8666666666666667,2.9303906461796965,0.9362760204869702,0.7578596498740594,23.400642778665603
User_93,Chevy Bolt,85.0,Station_224,Houston,2024-01-04 20:00:00,2024-01-04 23:34:00,65.431016913359,0.929486553755634,10.395657972388529,Night,Sunday,76.46681163744769,75.84995702645678,71.43600424010651,30.199709557192065,6.0,DC Fast Charger,Long-Distance Traveler,3.566666666666667,0.929486553755634,2.637180112911033,0.2606037066604581,70.39479662076003
User_95,Tesla Model 3,85.0,Station_103,San Francisco,2024-01-04 22:00:00,2024-01-05 01:51:00,7.930901450146639,2.3423957855284567,33.81843011264206,Evening,Tuesday,42.73907176379696,72.96602310099009,55.67750505100865,16.808358267905795,7.0,DC Fast Charger,Casual Driver,3.85,2.3423957855284567,1.5076042144715434,0.6084144897476511,3.3858075988458056
User_98,Nissan Leaf,85.0,Station_90,Los Angeles,2024-01-05 01:00:00,2024-01-05 03:33:00,31.046574961450595,0.6902816245406431,6.254545331359625,Night,Saturday,47.1578609567738,66.19348839519058,154.34561667139718,15.627395920888151,7.0,DC Fast Charger,Casual Driver,2.55,0.6902816245406431,1.8597183754593567,0.2706986762904483,44.976678876698976
User_99,Nissan Leaf,62.0,Station_226,San Francisco,2024-01-05 02:00:00,2024-01-05 05:47:00,15.91756323749268,3.348390650345465,9.531208380836189,Evening,Saturday,80.19872330540268,73.21652206981314,117.79183997954787,15.435807030838417,0.9252766613340968,DC Fast Charger,Casual Driver,3.783333333333333,3.348390650345465,0.4349426829878684,0.885037176302766,4.7537951510676955
User_101,BMW i3,77.29894528855995,Station_228,San Francisco,2024-01-05 04:00:00,2024-01-05 07:53:00,71.47764853216556,0.6525822262740804,11.363775646021429,Morning,Sunday,27.575010034358534,53.788025246062965,197.645675922734,28.97677092966469,3.0,DC Fast Charger,Casual Driver,3.8833333333333333,0.6525822262740804,3.2307511070592527,0.16804692522079323,109.53048620442415
User_105,Tesla Model 3,85.0,Station_209,New York,2024-01-05 08:00:00,2024-01-05 11:04:00,61.697438669843606,2.5255130370658327,22.48712027124098,Evening,Sunday,84.2736568755141,57.22115431322493,208.6484695678,28.312156710460712,6.0,Level 2,Commuter,3.066666666666667,2.5255130370658327,0.5411536296008341,0.8235368599127715,24.429665483542436
User_111,Tesla Model 3,62.0,Station_170,Los Angeles,2024-01-05 14:00:00,2024-01-05 17:27:00,27.42595097070096,0.9111517909550064,19.78138635678612,Evening,Tuesday,74.64716691235185,10.080074326064254,216.07027782313077,-4.153203087466903,5.0,Level 1,Long-Distance Traveler,3.45,0.9111517909550064,2.5388482090449935,0.26410196839275546,30.10030956747061
User_114,Chevy Bolt,85.0,Station_204,Los Angeles,2024-01-05 17:00:00,2024-01-05 18:57:00,29.16952953646135,1.837402025783315,9.16414808014515,Evening,Saturday,64.06837901017158,83.78854260869758,241.99817066158312,42.73966105258837,5.0,DC Fast Charger,Long-Distance Traveler,1.95,1.837402025783315,0.11259797421668494,0.9422574491196487,15.87542036372029
User_115,Tesla Model 3,85.0,Station_56,Houston,2024-01-05 18:00:00,2024-01-05 21:02:00,43.4453789766191,1.4058899107283944,34.67514514166657,Morning,Friday,55.70562012448279,52.80830822724293,38.19901103771869,19.86952895203637,5.0,Level 1,Casual Driver,3.033333333333333,1.4058899107283944,1.6274434226049388,0.46348019035002014,30.902404694055992
User_116,Hyundai Kona,100.0,Station_208,New York,2024-01-05 19:00:00,2024-01-05 21:34:00,26.8691096120868,2.463684938333577,17.54159529161413,Morning,Monday,28.17984729471636,54.56240134495012,289.5682377266553,7.791379352167198,3.0,Level 1,Long-Distance Traveler,2.566666666666667,2.463684938333577,0.10298172833309005,0.9598772487013935,10.906065623090962
User_119,Tesla Model 3,50.0,Station_15,Chicago,2024-01-05 22:00:00,2024-01-06 01:49:00,17.704737472368393,3.462571540834156,19.91512428981757,Afternoon,Tuesday,47.80623479100282,79.3715143442941,258.64567065665085,-9.34537521505764,7.0,DC Fast Charger,Commuter,3.816666666666667,3.462571540834156,0.3540951258325107,0.9072239844980321,5.113175934006321
User_120,Nissan Leaf,63.09631665342351,Station_62,Houston,2024-01-05 23:00:00,2024-01-06 00:20:00,47.71409590115245,1.1768393082458872,15.35252653215444,Night,Wednesday,49.537602623606446,57.93745966356943,214.4674793692331,34.27808118668334,1.0,DC Fast Charger,Casual Driver,1.3333333333333333,1.1768393082458872,0.15649402508744603,0.8826294811844154,40.544274453469505
User_121,Nissan Leaf,85.0,Station_155,Los Angeles,2024-01-06 00:00:00,2024-01-06 03:25:00,71.18526462073517,1.4256525513794889,5.138664199481509,Morning,Friday,36.884083700047405,73.96777838001219,276.22249249798386,-4.808919737189906,6.0,Level 1,Commuter,3.4166666666666665,1.4256525513794889,1.9910141152871776,0.4172641613793626,49.93170639778601
User_122,BMW i3,75.0,Station_284,Los Angeles,2024-01-06 01:00:00,2024-01-06 03:11:00,39.64439031543013,1.9257418407030744,6.965265890858126,Afternoon,Wednesday,20.417448539505852,57.50198821454384,154.34561667139718,22.572011579091168,6.0,Level 2,Casual Driver,2.183333333333333,1.9257418407030744,0.2575914926302587,0.8820191636807976,20.586554997920306
User_123,Hyundai Kona,62.0,Station_209,Chicago,2024-01-06 02:00:00,2024-01-06 05:47:00,24.84871287490711,3.3183683043720347,19.91298422854465,Morning,Wednesday,60.66782801513298,53.92638457958917,260.7073136359905,11.203464841549469,3.0,DC Fast Charger,Casual Driver,3.783333333333333,3.3183683043720347,0.46496502896129854,0.8771017544595686,7.488232346653112
User_125,Tesla Model 3,75.0,Station_494,Houston,2024-01-06 04:00:00,2024-01-06 07:42:00,64.41904928508166,3.1900131034328947,28.99874330581624,Evening,Friday,49.17384524132495,62.34186035083323,230.49427175789185,25.32047569840328,2.0,Level 1,Long-Distance Traveler,3.7,3.1900131034328947,0.5099868965671055,0.862165703630512,20.193976387043005
User_126,BMW i3,85.0,Station_187,New York,2024-01-06 05:00:00,2024-01-06 06:29:00,6.189015903017523,1.2918547116648724,20.86311304375001,Afternoon,Friday,34.60022195707441,101.67609865354004,275.741904170877,5.7273564896736655,1.0,Level 1,Casual Driver,1.4833333333333334,1.2918547116648724,0.19147862166846097,0.8709132887628354,4.790798723055671
User_129,Hyundai Kona,93.27378066607174,Station_130,Los Angeles,2024-01-06 08:00:00,2024-01-06 11:35:00,15.660564019843829,3.14065016250783,32.136662930622435,Afternoon,Wednesday,30.88322666455972,51.48089291088871,202.14155176693652,29.539063440210768,2.0,DC Fast Charger,Long-Distance Traveler,3.5833333333333335,3.14065016250783,0.4426831708255037,0.8764605104673013,4.986408294306414
User_130,Hyundai Kona,50.0,Station_127,Houston,2024-01-06 09:00:00,2024-01-06 12:53:00,35.55367093393553,3.536754115192,23.36793048019756,Night,Tuesday,85.49045253068678,74.66057197859945,275.57427410790336,26.133406798103643,4.0,Level 1,Commuter,3.8833333333333333,3.536754115192,0.3465792181413332,0.9107521326674678,10.052627289303492
User_136,Chevy Bolt,100.0,Station_89,Chicago,2024-01-06 15:00:00,2024-01-06 18:48:00,48.48756787108178,0.5639379356338684,7.600448838257698,Morning,Saturday,35.889037420116495,90.8523127201585,103.91165064214256,0.5341116925185432,7.0,Level 2,Long-Distance Traveler,3.8,0.5639379356338684,3.2360620643661315,0.1484047199036496,85.98032657012436
User_137,BMW i3,75.0,Station_215,Los Angeles,2024-01-06 16:00:00,2024-01-06 18:48:00,15.010165946159637,0.6486756832113033,13.72612322820337,Evening,Friday,84.23618039725056,77.85782098101181,220.20056239884676,19.98563673169685,6.0,Level 2,Commuter,2.8,0.6486756832113033,2.1513243167886964,0.23166988686117976,23.139708077002386
User_143,BMW i3,75.0,Station_203,Chicago,2024-01-06 22:00:00,2024-01-07 00:55:00,48.28787199679972,2.0735530968912244,30.236758806054716,Night,Wednesday,61.8669056122019,92.68815020624268,208.75457770103316,-8.036309429298335,6.0,Level 1,Commuter,2.9166666666666665,2.0735530968912244,0.8431135697754422,0.7109324903627056,23.287502051042406
User_144,BMW i3,50.0,Station_74,Houston,2024-01-06 23:00:00,2024-01-07 02:18:00,78.69341922441535,2.8560625647309243,7.639601311112014,Evening,Tuesday,38.19062072851722,82.43448922749442,17.241597203507894,12.737924554170815,7.0,Level 1,Long-Distance Traveler,3.3,2.8560625647309243,0.4439374352690755,0.8654735044639165,27.553114625774743
User_147,BMW i3,100.0,Station_176,Los Angeles,2024-01-07 02:00:00,2024-01-07 05:01:00,74.28073484499863,1.0613444684528497,12.886505421507136,Evening,Thursday,66.00513379945605,82.71272303828141,35.47986919070103,4.761855467358831,7.0,Level 2,Casual Driver,3.0166666666666666,1.0613444684528497,1.955322198213817,0.3518268956197292,69.98739528296562
User_149,Nissan Leaf,50.0,Station_117,Los Angeles,2024-01-07 04:00:00,2024-01-07 06:37:00,74.94807969154884,2.0192284141917014,31.584446122739152,Morning,Tuesday,72.33754266978394,62.454642722835686,127.91083055401364,12.264703196884788,5.0,Level 2,Long-Distance Traveler,2.6166666666666667,2.0192284141917014,0.5974382524749653,0.7716796487356821,37.11718751815931
User_153,Tesla Model 3,62.0,Station_344,San Francisco,2024-01-07 08:00:00,2024-01-07 11:37:00,76.59801205371735,3.32083538932119,19.34114104000848,Morning,Friday,69.31359126903999,92.69136039163782,290.9884769869868,31.24889263000149,3.0,DC Fast Charger,Casual Driver,3.6166666666666667,3.32083538932119,0.29583127734547654,0.9182033334528636,23.065886463398208
User_154,Tesla Model 3,100.0,Station_424,New York,2024-01-07 09:00:00,2024-01-07 11:39:00,20.25597516487363,1.3517035922154306,31.88608393393438,Evening,Friday,79.64988507290505,88.23701957020575,32.00803709196611,36.54506397911559,0.0,Level 1,Casual Driver,2.65,1.3517035922154306,1.2982964077845693,0.5100768272511059,14.985515523913241
User_158,Hyundai Kona,50.8706170770115,Station_145,Houston,2024-01-07 13:00:00,2024-01-07 16:08:00,23.57128153810389,0.8419612388537623,21.99640804730698,Night,Friday,51.0715257268038,79.00243296681866,267.3473926242877,-3.0896176819195844,3.0,DC Fast Charger,Casual Driver,3.1333333333333333,0.8419612388537623,2.291372094479571,0.26871103367673266,27.995684896603553
User_163,Hyundai Kona,85.0,Station_352,Houston,2024-01-07 18:00:00,2024-01-07 21:52:00,45.57396766460627,3.265855665654016,34.02915242344273,Evening,Monday,45.70606019537613,87.23241204777877,217.58992772592956,-9.09046835864223,1.0,Level 2,Commuter,3.8666666666666667,3.265855665654016,0.6008110010126506,0.8446178445656938,13.954679058200108
User_169,Tesla Model 3,100.0,Station_337,Chicago,2024-01-08 00:00:00,2024-01-08 03:15:00,22.742594390832505,1.030563727656758,8.22905361534547,Evening,Thursday,76.22513954753002,85.77858051012342,280.9779275184948,-2.910447928547496,4.0,DC Fast Charger,Casual Driver,3.25,1.030563727656758,2.219436272343242,0.3170965315866948,22.068110666521736
User_170,BMW i3,85.0,Station_273,Houston,2024-01-08 01:00:00,2024-01-08 02:16:00,56.01783153828373,1.0409740232745897,14.577098745750815,Evening,Monday,18.037296920680053,61.93129743563027,14.723649268668742,11.492756176546411,7.0,Level 1,Long-Distance Traveler,1.2666666666666666,1.0409740232745897,0.22569264339207695,0.8218215973220445,53.81290050069507
User_171,Tesla Model 3,85.0,Station_117,Houston,2024-01-08 02:00:00,2024-01-08 03:26:00,127.75747441174424,0.9845492206293912,20.34244787321107,Night,Monday,27.64544589095541,90.29992272783537,103.95782513502562,18.405333154548053,1.0,Level 2,Casual Driver,1.4333333333333333,0.9845492206293912,0.44878411270394214,0.6868948050902729,129.7624046973222
User_172,Tesla Model 3,100.0,Station_306,New York,2024-01-08 03:00:00,2024-01-08 04:19:00,13.87716708884735,0.5212915882023574,26.91381758017875,Night,Monday,40.79935581886868,71.37903684865236,136.27861262043376,24.759622240779493,5.0,Level 2,Commuter,1.3166666666666667,0.5212915882023574,0.7953750784643092,0.3959176619258411,26.620738571097846
User_174,BMW i3,100.0,Station_94,Chicago,2024-01-08 05:00:00,2024-01-08 07:52:00,47.82436784944839,2.0468743813136925,35.98941824714308,Night,Tuesday,61.57804690727161,97.96189523417006,90.11434022451289,7.166868100746985,2.0,Level 1,Casual Driver,2.8666666666666667,2.0468743813136925,0.8197922853529742,0.7140259469698927,23.36458372142726
User_175,BMW i3,50.0,Station_168,Houston,2024-01-08 06:00:00,2024-01-08 08:55:00,71.14274635725945,1.7251361548508353,37.01632786110325,Afternoon,Saturday,73.16017408923142,75.75484663014795,150.27002206227104,17.424867055261124,5.0,DC Fast Charger,Long-Distance Traveler,2.9166666666666665,1.7251361548508353,1.1915305118158313,0.591475253091715,41.23891679924292
User_177,Chevy Bolt,50.0,Station_203,New York,2024-01-08 08:00:00,2024-01-08 10:25:00,33.098691426112154,2.1821725676582537,36.52395919006641,Morning,Wednesday,79.50472573051596,53.57201503044119,174.4298990075216,-7.868909513351654,7.690884188241246,Level 1,Commuter,2.4166666666666665,2.1821725676582537,0.23449409900841278,0.9029679590310016,15.167769917312828
User_179,Hyundai Kona,100.0,Station_149,New York,2024-01-08 10:00:00,2024-01-08 11:57:00,63.23651609867501,0.8358451423130647,39.69535324151392,Afternoon,Wednesday,31.1091900831936,50.163546266562506,132.9596225238148,30.790815038255943,2.0,Level 1,Casual Driver,1.95,0.8358451423130647,1.1141548576869353,0.4286385345195204,75.65577987769157
User_181,Tesla Model 3,50.0,Station_183,Houston,2024-01-08 12:00:00,2024-01-08 14:13:00,21.82050636814289,0.8566172610118857,13.099598265236915,Afternoon,Sunday,78.27386156073143,76.89957102666605,240.7952117834277,10.336000341653476,5.0,Level 1,Long-Distance Traveler,2.216666666666667,0.8566172610118857,1.360049405654781,0.3864438771482191,25.472877282868723
User_183,Tesla Model 3,62.0,Station_152,Houston,2024-01-08 14:00:00,2024-01-08 15:12:00,47.3146093849059,0.9689769691243776,25.92447734982421,Afternoon,Sunday,40.48798796741036,98.82353364240996,260.6613918475854,23.72798354443762,5.0,Level 1,Casual Driver,1.2,0.9689769691243776,0.23102303087562237,0.807480807603648,48.8294468212821
User_184,Nissan Leaf,62.0,Station_74,San Francisco,2024-01-08 15:00:00,2024-01-08 18:03:00,33.78434419301355,1.3501018281867616,22.901237351463116,Afternoon,Wednesday,86.09789965116842,60.262717131547085,59.09157048745929,58.10524584392989,5.0,DC Fast Charger,Long-Distance Traveler,3.05,1.3501018281867616,1.6998981718132382,0.4426563371104137,25.023552659274017
User_185,Nissan Leaf,62.0,Station_365,New York,2024-01-08 16:00:00,2024-01-08 17:40:00,47.84104322110981,1.6133875984291093,11.345953332431115,Morning,Wednesday,61.58201871582799,55.66092887509634,258.70299390699824,31.422924496983995,6.0,DC Fast Charger,Commuter,1.6666666666666667,1.6133875984291093,0.05327906823755746,0.9680325590574655,29.652541811831647
User_186,BMW i3,50.0,Station_401,San Francisco,2024-01-08 17:00:00,2024-01-08 20:15:00,10.640152157210183,3.0806034583458395,6.499435839088151,Morning,Monday,66.57606983592258,69.15765779890351,81.3072735238919,20.623514072810465,6.0,Level 2,Long-Distance Traveler,3.25,3.0806034583458395,0.16939654165416052,0.9478779871833353,3.453918136845668
User_189,Tesla Model 3,50.0,Station_496,Houston,2024-01-08 20:00:00,2024-01-08 22:42:00,63.62653233247981,2.0400221150977345,35.02872011996518,Afternoon,Sunday,41.006080032057206,71.25331650755305,154.34561667139718,5.098606887092302,1.0,Level 1,Commuter,2.7,2.0400221150977345,0.6599778849022657,0.7555637463324942,31.18913852040842
User_190,Chevy Bolt,50.0,Station_212,Houston,2024-01-08 21:00:00,2024-01-08 23:48:00,8.349591228417406,2.3126750622410013,19.75286860317101,Morning,Sunday,43.32205190716476,62.97068755428872,311.63040806348147,3.0496907704113987,5.0,Level 1,Long-Distance Traveler,2.8,2.3126750622410013,0.48732493775899854,0.8259553793717862,3.610360731060326
User_193,BMW i3,85.0,Station_82,Chicago,2024-01-09 00:00:00,2024-01-09 02:29:00,55.97943470013186,1.106862482944654,31.52986270848626,Evening,Monday,2.3259589947386745,71.03902179038346,67.87474828378124,11.442580470841843,5.0,Level 1,Casual Driver,2.4833333333333334,1.106862482944654,1.3764708503886793,0.4457164360850956,50.574877695019836
User_195,BMW i3,85.0,Station_73,San Francisco,2024-01-09 02:00:00,2024-01-09 04:39:00,13.105812024979125,0.5690623348394185,28.93465228460907,Night,Sunday,12.044342771950358,91.06953924455011,201.5628074107787,1.85665782275348,7.0,DC Fast Charger,Casual Driver,2.65,0.5690623348394185,2.0809376651605813,0.2147405037129881,23.03053852382868
User_198,Tesla Model 3,85.0,Station_157,New York,2024-01-09 05:00:00,2024-01-09 07:58:00,12.128018048871455,0.9802518418740852,31.071893918945783,Morning,Friday,47.72203883616639,62.35988112699489,212.5522238689407,-1.2061704606006334,3.0,Level 2,Commuter,2.966666666666667,0.9802518418740852,1.9864148247925817,0.33042196917103994,12.372349156401093
User_203,Tesla Model 3,62.0,Station_376,Los Angeles,2024-01-09 10:00:00,2024-01-09 10:51:00,72.82858509991425,0.5991352514145969,36.357574432816,Evening,Tuesday,81.71875949449374,65.98785609743817,186.72370699503512,-8.817659946490982,2.0,Level 1,Long-Distance Traveler,0.85,0.5991352514145969,0.2508647485854031,0.7048650016642316,121.55616770664265
User_204,Tesla Model 3,85.0,Station_376,Los Angeles,2024-01-09 11:00:00,2024-01-09 13:57:00,64.23213303009759,2.822449218454964,5.935357648581118,Afternoon,Sunday,69.29221386285269,64.34112879801057,268.9329205281117,3.945102536091081,0.0,DC Fast Charger,Casual Driver,2.95,2.822449218454964,0.12755078154503607,0.9567624469338861,22.757586783176517
User_207,Hyundai Kona,85.0,Station_108,Houston,2024-01-09 14:00:00,2024-01-09 14:59:00,70.99471727287802,0.7763584975843215,13.170142015527924,Morning,Friday,72.89524752521268,68.05110317943193,189.3786646114632,4.756515891650823,7.0,Level 1,Long-Distance Traveler,0.9833333333333333,0.7763584975843215,0.20697483574901177,0.7895171161874457,91.44579146590351
User_209,BMW i3,89.03206382512313,Station_205,Houston,2024-01-09 16:00:00,2024-01-09 18:06:00,78.64289917152071,0.6089750827569935,31.44978443865144,Afternoon,Wednesday,74.3486809069066,50.72443430796444,154.34561667139718,21.9585410958577,6.0,Level 2,Commuter,2.1,0.6089750827569935,1.4910249172430066,0.2899881346461874,129.13976515341682
User_212,BMW i3,50.0,Station_271,Los Angeles,2024-01-09 19:00:00,2024-01-09 20:05:00,1.7545202338044217,0.7973944310128724,22.724395745775627,Evening,Wednesday,27.118106851125184,78.96915418957035,65.88939460451076,25.93608210131172,2.0,Level 1,Casual Driver,1.0833333333333333,0.7973944310128724,0.2859389023204608,0.7360563978580361,2.200316638248629
User_213,Chevy Bolt,81.65318205107059,Station_476,Los Angeles,2024-01-09 20:00:00,2024-01-09 23:46:00,73.61433544405698,3.665318917813474,14.124802364781267,Evening,Tuesday,46.807860636393485,86.59530628854822,162.06302022181248,33.860787696770295,7.0,DC Fast Charger,Commuter,3.7666666666666666,3.665318917813474,0.10134774885319242,0.9730935180035772,20.084019179420054
User_214,Nissan Leaf,62.0,Station_485,Los Angeles,2024-01-09 21:00:00,2024-01-10 00:52:00,6.377874090357831,0.9035194095926008,27.80226589384772,Morning,Saturday,46.18102100188867,99.01491659931033,169.11197877085093,-2.96053409263979,2.0,DC Fast Charger,Commuter,3.8666666666666667,0.9035194095926008,2.963147257074066,0.23366881282567262,7.058923164952959
User_216,Chevy Bolt,75.0,Station_19,Los Angeles,2024-01-09 23:00:00,2024-01-10 02:37:00,28.22969163134975,1.2186895776866975,36.34122452156407,Morning,Thursday,61.78774867645628,65.21596737627195,91.120578890523,24.32145836328824,7.0,DC Fast Charger,Commuter,3.6166666666666667,1.2186895776866975,2.397977088979969,0.33696486018987026,23.163972309449814
User_219,Tesla Model 3,85.0,Station_26,Chicago,2024-01-10 02:00:00,2024-01-10 05:54:00,50.643736597993126,2.2291425495078623,38.2479912410639,Afternoon,Sunday,31.570698858788976,70.648329638232,195.0011483657776,6.434361447340734,3.0,Level 1,Long-Distance Traveler,3.9,2.2291425495078623,1.6708574504921376,0.5715750126943236,22.718931370797247
User_220,Tesla Model 3,50.0,Station_217,Chicago,2024-01-10 03:00:00,2024-01-10 06:57:00,52.05474164868848,2.9356092518749914,24.996145252514456,Morning,Wednesday,74.86887756150331,64.3699636659729,153.9736061677818,4.820141443330831,4.0,DC Fast Charger,Commuter,3.95,2.9356092518749914,1.0143907481250087,0.7431922156645547,17.73217658836604
User_221,Nissan Leaf,75.0,Station_154,New York,2024-01-10 04:00:00,2024-01-10 04:53:00,57.89799819019454,0.6055648002739363,28.13582401987055,Night,Tuesday,58.602148974027074,77.23174936981644,266.68767329950504,15.72519594516674,7.0,Level 1,Long-Distance Traveler,0.8833333333333333,0.6055648002739363,0.27776853305939697,0.6855450569138902,95.60991352866533
User_222,Tesla Model 3,75.0,Station_154,New York,2024-01-10 05:00:00,2024-01-10 08:54:00,30.900798344474765,0.670877146738795,14.437265222737816,Night,Thursday,24.83449931237853,61.27901236228131,13.013883737820478,33.50586024036359,4.0,Level 1,Casual Driver,3.9,0.670877146738795,3.229122853261205,0.17201978121507563,46.060293594269574
User_224,BMW i3,75.0,Station_92,San Francisco,2024-01-10 07:00:00,2024-01-10 10:31:00,11.92593792090742,2.7490297053158925,25.985848179105503,Afternoon,Wednesday,29.33302482996651,88.4323917824992,192.1750239264356,-3.3573743979983828,0.0,Level 1,Casual Driver,3.5166666666666666,2.7490297053158925,0.7676369613507741,0.7817146081466994,4.338235377320888
User_225,Tesla Model 3,62.0,Station_433,New York,2024-01-10 08:00:00,2024-01-10 08:55:00,55.46412783572684,0.5844647254239376,16.65159816255771,Afternoon,Tuesday,78.79166882079036,55.02318043298529,90.39683722641682,15.922714753612713,3.0,Level 1,Long-Distance Traveler,0.9166666666666666,0.5844647254239376,0.33220194124272906,0.6375978822806592,94.89730589899384
User_227,Nissan Leaf,100.0,Station_480,Chicago,2024-01-10 10:00:00,2024-01-10 11:49:00,65.24475504703462,0.8786516820801358,24.75285105214664,Evening,Saturday,27.08090944968201,55.747611123683306,95.656561543192,20.42707195075063,4.0,Level 2,Commuter,1.8166666666666667,0.8786516820801358,0.9380149845865309,0.48366147637438667,74.25553991153014
User_230,BMW i3,85.0,Station_450,San Francisco,2024-01-10 13:00:00,2024-01-10 14:44:00,32.64266713861244,0.5606409011449397,5.781509069368416,Evening,Sunday,51.557809348746055,73.55094550093412,183.594068681762,29.9393328525626,0.0,DC Fast Charger,Long-Distance Traveler,1.7333333333333334,0.5606409011449397,1.1726924321883936,0.3234466737374652,58.22384180667099
User_231,Nissan Leaf,85.0,Station_481,San Francisco,2024-01-10 14:00:00,2024-01-10 17:28:00,66.62370004100543,1.229144212048145,22.33792167220327,Night,Wednesday,62.39013910651081,79.43489768071959,286.07209886520354,-0.9762473847444576,0.0,Level 1,Commuter,3.466666666666667,1.229144212048145,2.2375224546185217,0.3545608303985034,54.20332243194569
User_232,Tesla Model 3,62.0,Station_298,Chicago,2024-01-10 15:00:00,2024-01-10 18:12:00,33.365508790480845,0.6112620234429819,35.95601164461796,Morning,Thursday,26.84932307942894,99.63756366259756,244.0527884423648,26.87389732837409,0.0,DC Fast Charger,Casual Driver,3.2,0.6112620234429819,2.5887379765570184,0.19101938232593182,54.584625759256184
User_234,BMW i3,75.0,Station_273,Los Angeles,2024-01-10 17:00:00,2024-01-10 17:58:00,65.89172326762375,0.7389305304942535,9.144724290639385,Afternoon,Tuesday,18.87132185953369,65.01723141258057,77.26928192967245,11.729181747951497,5.0,Level 2,Commuter,0.9666666666666667,0.7389305304942535,0.22773613617241317,0.764410893614745,89.1717428748685
User_237,Tesla Model 3,50.0,Station_76,Los Angeles,2024-01-10 20:00:00,2024-01-10 23:35:00,25.35411411775736,0.6133138204604283,19.33324015410662,Night,Tuesday,72.40240860746698,67.4333705105874,73.38219447318042,2.9761661488567217,0.0,Level 1,Long-Distance Traveler,3.5833333333333335,0.6133138204604283,2.970019512872905,0.17115734524477066,41.339544735390874
User_243,Tesla Model 3,62.0,Station_49,San Francisco,2024-01-11 02:00:00,2024-01-11 05:20:00,7.849721866582429,2.556263536975257,25.950449081204397,Evening,Tuesday,89.85040927390602,85.15241978349388,26.36280787105247,39.56907374252949,3.0,DC Fast Charger,Commuter,3.3333333333333335,2.556263536975257,0.7770697963580764,0.7668790610925771,3.0707795784900753
User_244,Chevy Bolt,100.0,Station_55,New York,2024-01-11 03:00:00,2024-01-11 05:40:00,66.52076448264908,0.2066308831427136,34.74007813074269,Morning,Wednesday,19.50529978121177,63.48592020479546,123.5700602552102,-6.756693664930932,3.969244032327296,Level 1,Long-Distance Traveler,2.6666666666666665,0.2066308831427136,2.460035783523953,0.0774865811785176,321.93040784085133
User_246,Chevy Bolt,62.0,Station_355,San Francisco,2024-01-11 05:00:00,2024-01-11 08:36:00,29.84062267463912,3.4738635759039367,9.062227772773593,Afternoon,Tuesday,17.26238082837486,53.65651198727304,195.47378637535544,19.17667043576218,7.0,Level 2,Commuter,3.6,3.4738635759039367,0.1261364240960634,0.9649621044177602,8.590038734285722
User_248,Tesla Model 3,94.82402915199084,Station_308,Los Angeles,2024-01-11 07:00:00,2024-01-11 10:53:00,76.3581979165499,2.9748362665638908,68.93168828909299,Afternoon,Saturday,80.67885938684184,64.03368551301674,213.49060791189896,36.46750890918337,5.0,Level 2,Commuter,3.8833333333333333,2.9748362665638908,0.9084970667694425,0.7660522574842638,25.668033825857606
User_249,BMW i3,100.0,Station_356,San Francisco,2024-01-11 08:00:00,2024-01-11 11:24:00,60.41010374511423,1.7089707006187953,17.898531567126007,Evening,Thursday,77.00681784966234,82.5309652201098,99.5425833068634,12.8704939724941,2.0,DC Fast Charger,Casual Driver,3.4,1.7089707006187953,1.6910292993812046,0.5026384413584692,35.348823548139556
User_252,BMW i3,100.0,Station_263,Houston,2024-01-11 11:00:00,2024-01-11 14:09:00,22.275712407676338,2.3128773289248614,24.41374839022287,Morning,Wednesday,83.64021009068946,59.25917190505719,114.54068138039771,21.749940963028862,3.0,DC Fast Charger,Long-Distance Traveler,3.15,2.3128773289248614,0.8371226710751385,0.7342467710872577,9.631168989853508
User_254,Chevy Bolt,75.0,Station_302,Houston,2024-01-11 13:00:00,2024-01-11 16:19:00,61.1175287370132,2.710755712940239,20.04094214431461,Night,Sunday,28.71589130188672,52.96116985862483,172.6673987833455,-3.13350858069093,1.0,Level 2,Long-Distance Traveler,3.316666666666667,2.710755712940239,0.6059109537264278,0.8173132802834892,22.546306347436108
User_256,Chevy Bolt,50.0,Station_400,San Francisco,2024-01-11 15:00:00,2024-01-11 15:55:00,76.57976765251057,0.6246182928077807,36.69399042773479,Evening,Wednesday,47.05893885898729,71.88986244683487,33.627512610082235,16.467568637658097,0.0,Level 1,Long-Distance Traveler,0.9166666666666666,0.6246182928077807,0.29204837385888593,0.6814017739721244,122.60250545700418
User_257,Tesla Model 3,50.0,Station_408,Los Angeles,2024-01-11 16:00:00,2024-01-11 18:24:00,37.09360176408391,0.8530870981871089,19.54237559378936,Evening,Thursday,53.70511180037988,53.29568233519604,180.1478561199578,14.726961210694782,7.0,DC Fast Charger,Long-Distance Traveler,2.4,0.8530870981871089,1.5469129018128909,0.3554529575779621,43.48161148247504
User_259,Nissan Leaf,85.0,Station_310,New York,2024-01-11 18:00:00,2024-01-11 19:25:00,6.35451648199704,1.0468543998817086,10.033691933756808,Evening,Saturday,47.20053057698689,85.12774934813254,40.66318958677064,-0.2307267692579131,5.0,DC Fast Charger,Long-Distance Traveler,1.4166666666666667,1.0468543998817086,0.36981226678495815,0.7389560469753237,6.070105339114094
User_262,Chevy Bolt,100.0,Station_49,San Francisco,2024-01-11 21:00:00,2024-01-11 23:39:00,54.126087254300025,1.2533145623700643,31.93611568727565,Afternoon,Thursday,69.63478802892779,88.99147530915221,175.20621010666332,-9.824642409465277,7.0,Level 2,Long-Distance Traveler,2.65,1.2533145623700643,1.3966854376299356,0.47294889146040164,43.18635471046118
User_264,Tesla Model 3,75.0,Station_266,Chicago,2024-01-11 23:00:00,2024-01-12 02:07:00,7.424244899456774,1.9106242112713985,36.54430877511558,Night,Saturday,61.36425981247116,59.94103454253771,154.34561667139718,22.18491184921536,5.0,DC Fast Charger,Long-Distance Traveler,3.1166666666666667,1.9106242112713985,1.2060424553952682,0.6130345062902883,3.885769297624682
User_267,BMW i3,85.0,Station_144,New York,2024-01-12 02:00:00,2024-01-12 03:21:00,56.82135247009669,0.8652131466394621,15.832813556678106,Afternoon,Tuesday,17.451240723590125,53.8501746253108,263.7448790437271,39.80240624595091,2.0,Level 2,Long-Distance Traveler,1.35,0.8652131466394621,0.48478685336053795,0.6408986271403423,65.67324212628311
User_269,Hyundai Kona,100.0,Station_200,Los Angeles,2024-01-12 04:00:00,2024-01-12 06:46:00,58.151062888392886,1.9862538995816736,25.39160380117886,Afternoon,Tuesday,17.46097583271432,82.1311377474008,236.8331846408309,35.589301174461674,7.0,DC Fast Charger,Casual Driver,2.7666666666666666,1.9862538995816736,0.780412767084993,0.7179230962343399,29.276752030865804
User_274,BMW i3,50.0,Station_400,Houston,2024-01-12 09:00:00,2024-01-12 11:38:00,47.904097938603606,1.161237733936936,35.041753477710785,Night,Thursday,48.97534202307546,75.49040404239132,32.237616796183886,-2.996197814862219,5.0,Level 1,Commuter,2.6333333333333333,1.161237733936936,1.4720955993963973,0.44097635465959595,41.25261911374055
User_280,Chevy Bolt,75.0,Station_299,San Francisco,2024-01-12 15:00:00,2024-01-12 18:17:00,15.058971703234262,3.216985824064025,15.670141677233,Evening,Tuesday,49.868120868150704,82.17964274236235,68.52318394687728,28.05657767890564,1.0,Level 1,Casual Driver,3.283333333333333,3.216985824064025,0.06634750926930844,0.979792636770769,4.681081150743223
User_282,Hyundai Kona,100.0,Station_90,New York,2024-01-12 17:00:00,2024-01-12 20:45:00,30.53308100745638,2.3000050341363685,35.1572818174008,Morning,Wednesday,52.91050286219491,67.2187408202672,132.6046017612942,2.33111516426541,6.0,Level 1,Long-Distance Traveler,3.75,2.3000050341363685,1.4499949658636315,0.6133346757696982,13.275223555726383
User_283,Tesla Model 3,50.0,Station_334,New York,2024-01-12 18:00:00,2024-01-12 20:46:00,20.3535460696326,2.424679354945065,26.165414187154088,Afternoon,Thursday,109.26579432595442,82.33383444970028,116.18408209840142,2.770322016701208,1.0,Level 2,Commuter,2.7666666666666666,2.424679354945065,0.34198731172160146,0.876390128293397,8.394324811700201
User_284,BMW i3,50.0,Station_199,Los Angeles,2024-01-12 19:00:00,2024-01-12 21:14:00,6.479430984738162,2.1335036284136573,37.20859060029821,Morning,Sunday,52.61626456413691,83.35374544109871,77.79797005629807,26.616977601831,0.0,Level 1,Long-Distance Traveler,2.2333333333333334,2.1335036284136573,0.09982970491967613,0.9553001321255181,3.0369908438149085
User_285,Tesla Model 3,100.0,Station_161,San Francisco,2024-01-12 20:00:00,2024-01-12 22:59:00,14.018823992805098,1.8272416718247204,25.54354523038557,Afternoon,Sunday,58.996115876586,90.81351987157448,22.540477243986956,33.28195603093967,7.51530869035586,Level 2,Commuter,2.9833333333333334,1.8272416718247204,1.156091661508613,0.6124832419524202,7.672123621614658
User_286,Hyundai Kona,85.0,Station_26,New York,2024-01-12 21:00:00,2024-01-12 23:55:00,61.83012083767203,1.3995197521599705,8.02178413780609,Evening,Saturday,36.84689681505471,92.67951284722466,80.99732070598944,-2.341554226023669,0.0,Level 1,Commuter,2.9166666666666665,1.3995197521599705,1.517146914506696,0.4798353435977042,44.17952711438731
User_287,BMW i3,75.0,Station_121,Houston,2024-01-12 22:00:00,2024-01-13 01:53:00,51.62169093377357,1.303555581123807,28.15164637395491,Afternoon,Monday,22.787479040018432,58.6624943861943,185.95215211232087,7.936964700801351,7.0,Level 1,Casual Driver,3.8833333333333333,1.303555581123807,2.579777752209526,0.3356795487872465,39.60068268763043
User_288,Hyundai Kona,100.0,Station_301,San Francisco,2024-01-12 23:00:00,2024-01-13 01:15:00,13.319017315610488,0.8912958968406132,9.96972720755874,Afternoon,Sunday,81.55932358998332,177.70866647340375,87.30415654223266,38.77143808328196,7.0,Level 2,Casual Driver,2.25,0.8912958968406132,1.3587041031593867,0.39613150970693917,14.943429407475746
User_290,BMW i3,75.0,Station_63,Houston,2024-01-13 01:00:00,2024-01-13 04:16:00,70.62045542020036,0.637026904969773,14.738211793244965,Morning,Saturday,25.723471642871232,99.585814595444,188.46379155896125,-4.842996855241946,2.0,Level 1,Commuter,3.2666666666666666,0.637026904969773,2.6296397616968936,0.19500823621523664,110.85945486643348
User_291,Chevy Bolt,75.0,Station_451,Chicago,2024-01-13 02:00:00,2024-01-13 05:50:00,74.49108355632316,2.8590804803775773,31.654278544113588,Evening,Wednesday,55.66200143730428,52.571622201873645,160.67861854327094,26.307504471636346,5.0,Level 1,Commuter,3.8333333333333335,2.8590804803775773,0.9742528529557561,0.7458470818376288,26.054210109708308
User_292,Tesla Model 3,75.0,Station_436,Houston,2024-01-13 03:00:00,2024-01-13 05:43:00,32.52486104511656,2.287496504307609,10.03602310243687,Evening,Thursday,23.42576752983394,83.74262073596746,294.05825875693694,25.92667701462242,2.0,DC Fast Charger,Long-Distance Traveler,2.716666666666667,2.287496504307609,0.4291701623590578,0.8420232531193652,14.218540218036901
User_293,Tesla Model 3,100.0,Station_68,Houston,2024-01-13 04:00:00,2024-01-13 05:17:00,78.39905610034737,0.5318848035877057,34.301109962055534,Night,Sunday,49.66021029282839,83.24626253232046,119.78864790850731,-9.296045390619858,1.0,Level 1,Commuter,1.2833333333333334,0.5318848035877057,0.7514485297456277,0.4144556911073031,147.39856369560607
User_294,BMW i3,50.0,Station_253,Chicago,2024-01-13 05:00:00,2024-01-13 07:35:00,65.32285347166376,1.2923823850992102,17.840509726883596,Afternoon,Wednesday,54.29560688538636,87.54853995015633,32.14595633492419,-9.395365259699592,3.0,Level 1,Long-Distance Traveler,2.5833333333333335,1.2923823850992102,1.2909509482341233,0.5002770522964685,50.54452476667672
User_296,Hyundai Kona,85.0,Station_459,Chicago,2024-01-13 07:00:00,2024-01-13 10:57:00,78.15878931012135,1.548133495316547,15.064171728841687,Evening,Thursday,78.17878531385018,80.78249491449304,114.76631518048208,20.8310001306784,4.0,Level 1,Casual Driver,3.95,1.548133495316547,2.4018665046834533,0.3919325304598853,50.48582021290109
User_297,Hyundai Kona,75.0,Station_2,Chicago,2024-01-13 08:00:00,2024-01-13 11:46:00,5.3378360735216495,1.3473103319992674,39.5882610449191,Afternoon,Thursday,16.3556544239116,88.04370260386372,67.71733683557791,29.249086599941627,0.2884081107034522,Level 1,Commuter,3.7666666666666666,1.3473103319992674,2.419356334667399,0.3576930084953807,3.9618460177625594
User_300,Tesla Model 3,100.0,Station_286,Los Angeles,2024-01-13 11:00:00,2024-01-13 13:24:00,5.69951995446004,1.0866768976439043,16.58424488333184,Afternoon,Monday,54.544755368940045,81.03013387969956,221.58355288822716,32.63449014531149,3.0,Level 2,Commuter,2.4,1.0866768976439043,1.3133231023560956,0.45278204068496014,5.2449076324504045
User_301,Hyundai Kona,65.04709890586727,Station_49,Los Angeles,2024-01-13 12:00:00,2024-01-13 13:06:00,54.52901286506665,0.6431048412173435,9.767814595808773,Morning,Monday,73.36171145435397,73.14283891077369,250.3699282257361,31.247335393559474,0.0,Level 1,Long-Distance Traveler,1.1,0.6431048412173435,0.45689515878265663,0.5846407647430395,84.79023849649118
User_305,Chevy Bolt,100.0,Station_417,Houston,2024-01-13 16:00:00,2024-01-13 19:41:00,23.54038391979749,2.5925972772690966,23.220087806019023,Evening,Thursday,17.170614248794294,39.31920167051178,192.85689131728176,14.538649316116311,4.0,Level 2,Casual Driver,3.683333333333333,2.5925972772690966,1.0907360560642365,0.7038725639644606,9.079845962267488
User_309,Hyundai Kona,85.0,Station_382,Los Angeles,2024-01-13 20:00:00,2024-01-13 22:34:00,49.74934189978176,2.008221975228492,18.58598183312089,Night,Thursday,62.63796602121695,87.47010159296559,177.26981142816254,31.464224787251247,0.0,DC Fast Charger,Long-Distance Traveler,2.566666666666667,2.008221975228492,0.5584446914381749,0.7824241461929189,24.77283015196633
User_310,Hyundai Kona,100.0,Station_98,Houston,2024-01-13 21:00:00,2024-01-14 00:10:00,66.17491556109752,1.5908913989608646,37.05502096460268,Night,Wednesday,57.51855751045613,59.21834420857712,19.842550619791872,12.62900174508787,2.0,DC Fast Charger,Casual Driver,3.1666666666666665,1.5908913989608646,1.575775267705802,0.5023867575665889,41.5961237858986
User_313,Nissan Leaf,75.0,Station_149,San Francisco,2024-01-14 00:00:00,2024-01-14 00:49:00,50.65984701352952,0.5600308824381494,34.023837203216026,Night,Friday,79.25660844200286,76.33856416576592,206.66803143002105,14.06007874116784,2.0,Level 2,Commuter,0.8166666666666667,0.5600308824381494,0.2566357842285173,0.6857521009446726,90.45902396128034
User_314,Tesla Model 3,62.0,Station_412,New York,2024-01-14 01:00:00,2024-01-14 04:37:00,6.885479431723564,3.500201170135869,13.151438217973151,Afternoon,Thursday,62.99501973890689,70.58747645056332,270.3822387599344,4.057993736673463,7.0,DC Fast Charger,Long-Distance Traveler,3.6166666666666667,3.500201170135869,0.11646549653079763,0.967797558562913,1.967166770433451
User_315,Nissan Leaf,75.0,Station_304,New York,2024-01-14 02:00:00,2024-01-14 03:51:00,64.76361325790924,0.5433591266631455,9.001401096042077,Evening,Wednesday,68.68211127506426,63.14004386440696,213.7308147646065,-5.431969444252173,1.0,Level 2,Commuter,1.85,0.5433591266631455,1.3066408733368546,0.2937076360341327,119.1911759274807
User_318,Nissan Leaf,75.0,Station_66,Chicago,2024-01-14 05:00:00,2024-01-14 08:01:00,44.06555274761643,0.7388318908606428,37.81041851456051,Evening,Monday,43.3631967175386,72.85514963212466,261.50598887337225,21.12350581758097,6.0,Level 2,Casual Driver,3.0166666666666666,0.7388318908606428,2.277834775806024,0.2449166489040805,59.6421909946061
User_320,Chevy Bolt,75.0,Station_457,New York,2024-01-14 07:00:00,2024-01-14 08:06:00,6.521023617093562,0.9500538452594568,9.83501013445608,Afternoon,Wednesday,80.47386392705907,52.86565232596662,86.1229463663984,1.215773748666768,7.0,Level 1,Commuter,1.1,0.9500538452594568,0.1499461547405433,0.8636853138722334,6.863846348953716
User_323,Nissan Leaf,62.0,Station_205,Los Angeles,2024-01-14 10:00:00,2024-01-14 11:58:00,64.52243106916856,1.7249913300016642,38.17893479405741,Morning,Sunday,31.488931192836876,66.30498502948487,75.831666453641,0.397259806410319,6.0,Level 2,Commuter,1.9666666666666666,1.7249913300016642,0.2416753366650024,0.8771142355940665,37.40449586439737
User_324,Tesla Model 3,100.0,Station_279,San Francisco,2024-01-14 11:00:00,2024-01-14 14:54:00,52.99672888359278,3.5264988700635578,6.452202177004988,Night,Monday,10.950912707790694,69.30238832786551,27.930909180515243,14.177763270049578,6.0,Level 1,Long-Distance Traveler,3.9,3.5264988700635578,0.37350112993644213,0.9042304795034763,15.028142879466632
User_325,Tesla Model 3,75.0,Station_337,Chicago,2024-01-14 12:00:00,2024-01-14 14:55:00,74.73938753754207,0.0953144165458864,27.742986940755998,Morning,Sunday,27.62289341973861,61.32518277224479,56.3252273928085,9.990199636985103,3.176061926468777,Level 2,Casual Driver,2.9166666666666665,0.0953144165458864,2.82135225012078,0.0326792285300182,784.1351838057041
User_327,Chevy Bolt,100.0,Station_304,San Francisco,2024-01-14 14:00:00,2024-01-14 17:43:00,18.848843442027324,2.414714251795192,7.321396396832365,Night,Friday,84.30767807010035,62.79550482109619,237.0512986252565,-2.876962686979992,1.0,Level 2,Long-Distance Traveler,3.716666666666667,2.414714251795192,1.301952414871475,0.6496989018283027,7.805827719786872
User_328,Hyundai Kona,100.0,Station_380,New York,2024-01-14 15:00:00,2024-01-14 18:25:00,58.37615445163145,1.8775223705101527,33.85680931892132,Afternoon,Friday,15.359167401010394,56.58027747341746,96.86304815594605,16.972016794308892,3.0,Level 2,Casual Driver,3.4166666666666665,1.8775223705101527,1.5391442961565138,0.5495187425883374,31.092121920107786
User_330,Nissan Leaf,85.0,Station_84,San Francisco,2024-01-14 17:00:00,2024-01-14 18:27:00,13.3246110441358,1.38201984923984,12.388236508175128,Afternoon,Saturday,52.78624625920918,92.86857199351071,283.9904923578399,35.704863864734804,4.0,DC Fast Charger,Long-Distance Traveler,1.45,1.38201984923984,0.06798015076016006,0.9531171374067862,9.641403523592523
User_331,Chevy Bolt,85.0,Station_276,Houston,2024-01-14 18:00:00,2024-01-14 21:50:00,14.503455142567915,2.240834005432468,11.910831368910282,Morning,Tuesday,51.14214596336595,99.98660421478364,168.0448614464392,12.24739891359942,3.0,Level 2,Commuter,3.8333333333333335,2.240834005432468,1.5924993279008657,0.5845653927215133,6.4723469509151945
User_336,Nissan Leaf,62.0,Station_268,Chicago,2024-01-14 23:00:00,2024-01-15 00:34:00,70.39888221837178,0.5515336215146602,20.158307658211903,Night,Wednesday,84.36276676677173,62.14760000864133,240.3347991885124,-7.880884645585255,7.0,Level 1,Commuter,1.5666666666666667,0.5515336215146602,1.0151330451520064,0.35204273713701717,127.64205022540139
User_338,BMW i3,62.0,Station_322,Houston,2024-01-15 01:00:00,2024-01-15 02:54:00,62.19283345936647,0.5552103642000609,19.47699463384489,Morning,Saturday,24.3852455984819,88.82972948026371,277.7232644606139,14.276251340517549,4.0,DC Fast Charger,Long-Distance Traveler,1.9,0.5552103642000609,1.344789635799939,0.2922159811579268,112.01670118131352
User_340,BMW i3,62.0,Station_78,Los Angeles,2024-01-15 03:00:00,2024-01-15 06:37:00,79.97807283663732,0.9198467271186718,27.85794776975846,Evening,Thursday,88.1942695265976,62.30655558591127,295.82448366225185,6.247841392473045,7.545586232503917,Level 1,Long-Distance Traveler,3.6166666666666667,0.9198467271186718,2.696819939547995,0.25433550058580784,86.94717334828235
User_341,Tesla Model 3,100.0,Station_272,Los Angeles,2024-01-15 04:00:00,2024-01-15 06:20:00,5.775919735452496,1.8364567962319551,24.985691281650627,Afternoon,Sunday,25.118016109663355,59.04654073710448,96.33217778289772,37.10118843149111,1.0,Level 2,Casual Driver,2.3333333333333335,1.8364567962319551,0.49687653710137836,0.7870529126708379,3.1451432711640903
User_342,BMW i3,50.0,Station_339,Los Angeles,2024-01-15 05:00:00,2024-01-15 05:44:00,53.81020176075347,0.513006350951944,15.791319763690598,Morning,Monday,52.44295176374061,82.42209464917141,116.73098347986932,-0.0328724734896948,2.0,Level 1,Long-Distance Traveler,0.7333333333333333,0.513006350951944,0.22032698238138926,0.6995541149344692,104.89188225623771
User_343,Chevy Bolt,100.0,Station_162,San Francisco,2024-01-15 06:00:00,2024-01-15 09:34:00,38.66237698854864,2.3650578770652744,16.315819392880815,Evening,Saturday,68.12187775308132,56.48043704770824,257.8829430738604,29.180536779668387,6.0,Level 2,Commuter,3.566666666666667,2.3650578770652744,1.2016087896013925,0.6631003393640956,16.34732805631106
User_346,Nissan Leaf,62.0,Station_134,Houston,2024-01-15 09:00:00,2024-01-15 11:59:00,42.51736091943514,0.9297646566647816,7.234439776855737,Morning,Saturday,88.94643474449397,63.743344919418114,191.0776829422596,10.333196461649678,4.0,Level 2,Casual Driver,2.9833333333333334,0.9297646566647816,2.0535686766685517,0.31165295754126754,45.729164487658515
User_348,Tesla Model 3,50.0,Station_192,New York,2024-01-15 11:00:00,2024-01-15 12:10:00,67.22515101988213,0.5046012170071925,21.014153018823738,Morning,Wednesday,38.02384077001244,94.36765550022876,57.59194551494831,12.265243732279334,6.0,DC Fast Charger,Commuter,1.1666666666666667,0.5046012170071925,0.6620654496594742,0.43251532886330785,133.22431408032833
User_351,Nissan Leaf,62.0,Station_18,Chicago,2024-01-15 14:00:00,2024-01-15 17:00:00,60.96907588597162,2.4969601810931428,37.04926024472,Afternoon,Wednesday,75.85725205688395,92.36496167231005,266.82108780235893,20.465566167774167,6.0,Level 1,Commuter,3.0,2.4969601810931428,0.5030398189068572,0.8323200603643809,24.41732004684192
User_353,Tesla Model 3,62.0,Station_180,Los Angeles,2024-01-15 16:00:00,2024-01-15 18:14:00,65.54082473190631,1.1606546727693638,37.48997540777594,Evening,Monday,25.201903407412274,96.7634420547716,78.61444615533611,0.947645050608024,6.0,Level 2,Commuter,2.2333333333333334,1.1606546727693638,1.0726786605639695,0.5196961221355361,56.46884148195737
User_354,BMW i3,100.0,Station_123,New York,2024-01-15 17:00:00,2024-01-15 19:43:00,68.74906948767578,0.5546371779020524,28.29294039482075,Afternoon,Thursday,81.2848669802037,66.07649512570205,284.84580003977186,13.789659826810096,3.0,DC Fast Charger,Commuter,2.716666666666667,0.5546371779020524,2.1620294887646145,0.20416092438112357,123.95322965496682
User_355,Nissan Leaf,85.0,Station_246,New York,2024-01-15 18:00:00,2024-01-15 20:28:00,67.43740257394747,1.8145610590347336,14.996368751082128,Night,Thursday,89.87079040064869,93.90137525264328,36.060236573124,34.08218775904674,3.0,Level 1,Casual Driver,2.466666666666667,1.8145610590347336,0.6521056076319331,0.735632861770838,37.16458161502771
User_356,Chevy Bolt,75.0,Station_222,Houston,2024-01-15 19:00:00,2024-01-15 22:11:00,10.450657832354688,1.4282962338251743,32.560979001782584,Afternoon,Wednesday,82.76444286202731,60.77776334578708,85.92100724905812,20.63494735094825,0.0,Level 2,Long-Distance Traveler,3.183333333333333,1.4282962338251743,1.7550370995081588,0.4486794451806831,7.316869977572079
User_357,BMW i3,100.0,Station_373,Houston,2024-01-15 20:00:00,2024-01-15 23:40:00,30.80566200277668,1.0378600717476725,18.353195110709667,Night,Saturday,60.727202748946425,61.20655136874687,155.71449022041207,29.11438026886234,5.0,Level 2,Casual Driver,3.6666666666666665,1.0378600717476725,2.628806594918994,0.2830527468402743,29.681903024655753
User_360,Hyundai Kona,75.0,Station_71,Los Angeles,2024-01-15 23:00:00,2024-01-16 01:34:00,33.370542026215475,2.4863752525971208,7.409254803081209,Evening,Sunday,58.60908208265877,71.21956042362135,279.5193618635699,15.418433423035204,8.018665733261262,Level 1,Commuter,2.566666666666667,2.4863752525971208,0.0802914140695461,0.968717630881995,13.421361876634903
User_363,BMW i3,85.0,Station_19,Chicago,2024-01-16 02:00:00,2024-01-16 05:37:00,6.9381938340043,3.2909626809163703,16.886330089677223,Night,Monday,88.60942030171464,81.44337976475231,230.3190328881203,1.2019821663508825,3.0,Level 1,Commuter,3.6166666666666667,3.2909626809163703,0.32570398575029635,0.9099435984100563,2.108256612643312
User_367,BMW i3,50.0,Station_53,New York,2024-01-16 06:00:00,2024-01-16 09:18:00,45.71947918248383,2.872161730269349,31.22627600541321,Night,Saturday,35.421950002135304,88.85354956614376,156.87665110401693,34.297789398053226,7.0,Level 2,Commuter,3.3,2.872161730269349,0.42783826973065064,0.8703520394755604,15.91814231791059
User_370,Hyundai Kona,85.0,Station_304,San Francisco,2024-01-16 09:00:00,2024-01-16 12:35:00,52.71641215020086,0.5628169402063448,34.40206563966865,Night,Tuesday,37.682102722139774,81.9072284186087,225.30420808113757,0.1669976050643421,7.0,DC Fast Charger,Long-Distance Traveler,3.5833333333333335,0.5628169402063448,3.0205163931269885,0.1570651926157241,93.66529040663474
User_372,BMW i3,48.63693124756141,Station_443,Los Angeles,2024-01-16 11:00:00,2024-01-16 14:13:00,68.25299905062542,1.6319957436277532,9.459763978515529,Afternoon,Saturday,85.9024619599349,91.27822446726908,50.413024895600245,37.52882264494277,0.0,Level 2,Long-Distance Traveler,3.216666666666667,1.6319957436277532,1.5846709230389135,0.5073561897288352,41.82179966897846
User_373,Nissan Leaf,85.0,Station_69,Los Angeles,2024-01-16 12:00:00,2024-01-16 15:13:00,56.42022999086558,0.8288732839363397,29.848428683044038,Afternoon,Sunday,32.61238657309413,65.16007356921413,12.807514731098356,17.596802362332962,4.0,Level 1,Long-Distance Traveler,3.216666666666667,0.8288732839363397,2.387793382730327,0.2576808136589657,68.0685830805458
User_374,Chevy Bolt,75.0,Station_11,Houston,2024-01-16 13:00:00,2024-01-16 14:48:00,52.90446366869147,1.5469560347093554,18.542883936181408,Night,Saturday,89.8386106965979,97.49538046654772,36.74369480038644,32.57385369012299,3.0,Level 2,Long-Distance Traveler,1.8,1.5469560347093554,0.25304396529064466,0.8594200192829752,34.19907384674397
User_376,Chevy Bolt,100.0,Station_192,Los Angeles,2024-01-16 15:00:00,2024-01-16 18:03:00,1.356731546885289,1.5712045852380068,23.87462359696047,Night,Friday,40.92338001382405,83.06868681876806,154.34561667139718,-6.550323205012361,3.0,Level 1,Commuter,3.05,1.5712045852380068,1.478795414761993,0.5151490443403302,0.863497700829183
User_379,Nissan Leaf,85.0,Station_69,Los Angeles,2024-01-16 18:00:00,2024-01-16 19:54:00,16.67359945711931,1.809282615508712,28.15617085673184,Evening,Thursday,77.48514337130472,88.66543213628108,281.8878021909634,33.7293207659469,6.0,DC Fast Charger,Long-Distance Traveler,1.9,1.809282615508712,0.09071738449128786,0.9522540081624801,9.215585953348272
User_381,Nissan Leaf,50.0,Station_181,New York,2024-01-16 20:00:00,2024-01-16 23:45:00,7.668660934509698,0.7499042038041743,17.361623335996903,Morning,Sunday,86.16194217356585,81.61986322060685,53.30743848250727,27.25894496066993,2.537158510000429,DC Fast Charger,Long-Distance Traveler,3.75,0.7499042038041743,3.0000957961958257,0.19997445434777983,10.22618741914967
User_383,Tesla Model 3,62.0,Station_9,Chicago,2024-01-16 22:00:00,2024-01-17 01:57:00,64.94285706525936,3.6367947005783794,15.321613858374892,Night,Friday,49.301060486496944,73.24351852996135,41.762292021485166,12.254928644869278,4.0,Level 1,Long-Distance Traveler,3.95,3.6367947005783794,0.3132052994216208,0.9207075191337669,17.857168856666874
User_384,BMW i3,100.0,Station_271,New York,2024-01-16 23:00:00,2024-01-17 02:53:00,70.06077676219795,3.399748992504942,15.242748758849396,Morning,Sunday,95.79218803476924,66.37502517544502,164.02863705100555,38.87241151330905,1.0,Level 1,Long-Distance Traveler,3.8833333333333333,3.399748992504942,0.4835843408283913,0.8754718435635044,20.60763218598001
User_387,Nissan Leaf,50.0,Station_454,Houston,2024-01-17 02:00:00,2024-01-17 04:13:00,54.88401335852117,1.8867705056862327,6.555981504933964,Night,Saturday,64.28041814613954,82.38389625223746,127.07132090658584,30.593877927821687,2.8179017172438234,Level 1,Commuter,2.216666666666667,1.8867705056862327,0.32989616098043406,0.8511746642193531,29.08886544130042
User_391,Tesla Model 3,75.0,Station_328,Houston,2024-01-17 06:00:00,2024-01-17 08:36:00,36.047577386304056,1.645779959820823,7.461577393955386,Evening,Tuesday,46.32842585884544,52.15170916533472,57.6589438038869,6.876897281568692,4.0,Level 2,Casual Driver,2.6,1.645779959820823,0.9542200401791772,0.6329922922387781,21.903035804512154
User_395,Hyundai Kona,75.0,Station_422,Los Angeles,2024-01-17 10:00:00,2024-01-17 13:16:00,34.375669740166174,3.14574570749033,35.35074338161869,Afternoon,Monday,41.11182645121117,63.0261598722875,150.83472799252905,18.00012703193646,6.0,DC Fast Charger,Long-Distance Traveler,3.2666666666666666,3.14574570749033,0.1209209591763365,0.9629833798439786,10.927669600983425
User_396,Hyundai Kona,60.78928024814476,Station_328,New York,2024-01-17 11:00:00,2024-01-17 14:59:00,12.118093232455848,2.8544938427036954,37.31386508142151,Evening,Monday,30.06718877773716,90.2070511207323,256.2264580975269,20.98749334177654,2.0,DC Fast Charger,Casual Driver,3.9833333333333334,2.8544938427036954,1.128839490629638,0.7166093328963252,4.245268653646117
User_398,Chevy Bolt,50.0,Station_472,Los Angeles,2024-01-17 13:00:00,2024-01-17 14:08:00,26.4021039498391,0.9580223408018254,10.570566114746608,Afternoon,Tuesday,29.476011117716563,87.34323555672688,247.34030148401197,22.883741256432277,7.0,Level 2,Commuter,1.1333333333333333,0.9580223408018254,0.17531099253150795,0.8453138301192576,27.558964781282263
User_400,Nissan Leaf,75.0,Station_35,Houston,2024-01-17 15:00:00,2024-01-17 16:34:00,69.44996147928137,1.0662067473464614,15.3072450251239,Morning,Thursday,27.56248158524955,63.29227669048761,150.11184678792918,37.899071590588136,7.0,Level 1,Casual Driver,1.5666666666666667,1.0662067473464614,0.5004599193202053,0.6805574983062519,65.13742447431143
User_402,Hyundai Kona,75.0,Station_14,Los Angeles,2024-01-17 17:00:00,2024-01-17 19:41:00,13.66384250802366,0.7991338052061846,8.275923214432899,Morning,Monday,62.24698007651001,82.888930350227,209.0906430300939,36.088928883769846,3.0,Level 1,Casual Driver,2.683333333333333,0.7991338052061846,1.8841995281271484,0.2978138404495098,17.09831622565166
User_405,BMW i3,50.0,Station_140,New York,2024-01-17 20:00:00,2024-01-17 22:57:00,26.615202038752912,1.3179175040508335,29.94315027097961,Afternoon,Sunday,59.93105266224815,69.52130643027168,193.00361520889265,28.898031697778837,5.0,Level 1,Long-Distance Traveler,2.95,1.3179175040508335,1.6320824959491667,0.4467516962884181,20.19489228798219
User_407,Tesla Model 3,100.0,Station_364,Los Angeles,2024-01-17 22:00:00,2024-01-17 23:56:00,64.40334432867209,1.4631090941590412,14.246600039268449,Evening,Tuesday,96.11613713747894,57.32059939540834,139.54941601046136,5.967630772540458,7.0,Level 2,Commuter,1.9333333333333333,1.4631090941590412,0.4702242391742921,0.7567805659443316,44.01814231473254
User_410,BMW i3,100.0,Station_34,New York,2024-01-18 01:00:00,2024-01-18 03:33:00,19.89879895108544,1.8496720908513216,30.708297411251525,Morning,Thursday,14.367222164095724,93.02253678331718,10.028295172958789,22.189261165233205,7.0,DC Fast Charger,Long-Distance Traveler,2.55,1.8496720908513216,0.7003279091486783,0.7253616042554203,10.75801437968765
User_412,Nissan Leaf,50.0,Station_10,Houston,2024-01-18 03:00:00,2024-01-18 06:25:00,27.04710323077237,1.109637723285248,33.45756611305026,Afternoon,Monday,52.03296567632051,105.6169219318498,58.72601728426816,20.56538826962948,3.0,DC Fast Charger,Commuter,3.4166666666666665,1.109637723285248,2.3070289433814186,0.32477201657129207,24.374714975168104
User_417,Nissan Leaf,100.0,Station_446,Houston,2024-01-18 08:00:00,2024-01-18 11:31:00,5.650181738384828,0.6399514507924429,25.630101905021245,Morning,Saturday,58.40045758268339,65.01799108616504,83.26552535518786,23.05944662777797,6.0,DC Fast Charger,Casual Driver,3.5166666666666666,0.6399514507924429,2.8767152158742237,0.18197671586514963,8.829078723688005
User_418,Nissan Leaf,85.0,Station_223,New York,2024-01-18 09:00:00,2024-01-18 10:53:00,32.491515817951985,0.7759716069971889,7.587563676535479,Evening,Friday,84.13308475155758,76.1749192144271,143.61035312523487,17.163043466294006,0.0,Level 2,Casual Driver,1.8833333333333333,0.7759716069971889,1.1073617263361444,0.41202032229939234,41.87204212752812
User_420,BMW i3,85.0,Station_257,Chicago,2024-01-18 11:00:00,2024-01-18 12:46:00,41.57891512365271,1.0769985933129254,7.26985449231802,Night,Thursday,45.88552782646099,90.42239600795594,149.93485696789244,21.276982361679877,0.0,DC Fast Charger,Casual Driver,1.7666666666666666,1.0769985933129254,0.6896680733537413,0.6096218452714672,38.60628545089643
User_423,Nissan Leaf,69.44504561307087,Station_4,Houston,2024-01-18 14:00:00,2024-01-18 15:49:00,72.71574852972469,0.6821324319309614,28.119461561042414,Afternoon,Monday,28.898519624791028,57.73534409312983,151.6213286334007,4.485795959215874,2.0,DC Fast Charger,Commuter,1.8166666666666667,0.6821324319309614,1.1345342347357052,0.3754857423473182,106.60063226122087
User_428,Hyundai Kona,85.0,Station_85,Los Angeles,2024-01-18 19:00:00,2024-01-18 21:16:00,37.28701875736325,1.9047180148348133,10.420681132797322,Morning,Tuesday,29.08564191565545,78.12984431226614,46.646749394879045,6.233313953621948,2.0,Level 2,Long-Distance Traveler,2.2666666666666666,1.9047180148348133,0.3619486518318533,0.840316771250653,19.57613592508441
User_429,Hyundai Kona,100.0,Station_214,San Francisco,2024-01-18 20:00:00,2024-01-18 22:54:00,72.09484050132289,2.0228182434483357,7.964528513846047,Morning,Monday,32.50685926451319,89.84464823529999,255.11745161753132,-3.311599169989914,3.0,Level 1,Commuter,2.9,2.0228182434483357,0.8771817565516642,0.6975235322235641,35.64079013763564
User_430,BMW i3,62.0,Station_121,New York,2024-01-18 21:00:00,2024-01-18 23:22:00,65.75133335346975,0.8762452298830018,20.24363545415362,Evening,Sunday,18.32067912471357,81.15356977414737,80.82729730659933,18.95955581826692,1.0,Level 2,Commuter,2.3666666666666667,0.8762452298830018,1.4904214367836648,0.3702444633308458,75.03759348538652
User_432,Tesla Model 3,62.0,Station_338,Houston,2024-01-18 23:00:00,2024-01-19 01:50:00,33.39817875530706,2.4550069759789315,15.413120726098814,Morning,Tuesday,23.344139229666805,68.13930114934985,23.106882718779463,27.28334185780242,2.0,DC Fast Charger,Long-Distance Traveler,2.8333333333333335,2.4550069759789315,0.378326357354402,0.8664730503455051,13.60410747590221
User_433,BMW i3,62.0,Station_197,San Francisco,2024-01-19 00:00:00,2024-01-19 02:51:00,46.5117702649118,2.8093466210082094,15.911977559564214,Evening,Sunday,70.98136180299576,94.37776504731777,223.26017562434012,38.45202722070744,5.0,Level 2,Casual Driver,2.85,2.8093466210082094,0.04065337899179067,0.9857356564941085,16.55608101794851
User_435,BMW i3,100.0,Station_130,San Francisco,2024-01-19 02:00:00,2024-01-19 02:57:00,53.83827205577136,0.9481929847390816,39.90750720326488,Morning,Thursday,65.22042875296964,88.65894891293276,207.67198392828075,4.719933351279762,5.0,Level 2,Commuter,0.95,0.9481929847390816,0.0018070152609183099,0.9980978786727176,56.77986751883244
User_439,BMW i3,62.0,Station_354,San Francisco,2024-01-19 06:00:00,2024-01-19 08:32:00,5.614874084822165,2.4596015464435803,54.892982525794544,Afternoon,Thursday,42.52683279726473,64.39746848163185,127.33484113475907,5.264035651558466,7.0,DC Fast Charger,Long-Distance Traveler,2.533333333333333,2.4596015464435803,0.0737317868897529,0.9708953472803606,2.2828388984146226
User_440,Tesla Model 3,50.0,Station_262,Chicago,2024-01-19 07:00:00,2024-01-19 08:33:00,26.46822315749027,1.3772959301454932,18.34323149799863,Evening,Friday,25.363981311683013,14.989946320580836,79.43076812948085,14.938962399475924,5.0,DC Fast Charger,Long-Distance Traveler,1.55,1.3772959301454932,0.17270406985450681,0.8885780194487053,19.21752804039307
User_442,Hyundai Kona,67.54202075470891,Station_125,New York,2024-01-19 09:00:00,2024-01-19 10:50:00,21.580915527008145,1.2655236873891065,29.87794437802515,Afternoon,Saturday,14.542459140504551,87.11111918933997,124.11936816817752,-5.861573323905558,4.690347029293445,DC Fast Charger,Long-Distance Traveler,1.8333333333333333,1.2655236873891065,0.5678096459442268,0.6902856476667854,17.052952656723154
User_443,Chevy Bolt,75.0,Station_307,Los Angeles,2024-01-19 10:00:00,2024-01-19 13:50:00,7.569584209512826,3.27187747187611,36.54436531954519,Morning,Thursday,55.749780360748325,53.49480287054351,299.5639341927111,26.733927457809,0.7394107549834095,Level 2,Commuter,3.8333333333333335,3.27187747187611,0.5614558614572234,0.8535332535328982,2.3135292426376806
User_446,BMW i3,100.0,Station_441,Chicago,2024-01-19 13:00:00,2024-01-19 15:58:00,71.12558827151543,0.8234738515861253,11.348579546094816,Morning,Saturday,78.36258956686292,91.25000145077829,50.619867125485854,-1.7144756464186806,5.0,Level 2,Casual Driver,2.966666666666667,0.8234738515861253,2.1431928150805417,0.27757545559082875,86.372612967027
User_447,Chevy Bolt,100.0,Station_383,Los Angeles,2024-01-19 14:00:00,2024-01-19 17:54:00,36.2444170838149,0.6973236695169336,9.742134927960404,Night,Monday,83.70724478439372,52.58836904710326,125.23368798781787,-7.501413577858543,6.0,Level 1,Casual Driver,3.9,0.6973236695169336,3.202676330483066,0.17880094090177784,51.976461818545445
User_449,Tesla Model 3,107.43195454576464,Station_329,Los Angeles,2024-01-19 16:00:00,2024-01-19 19:27:00,5.746444809429853,0.5810295603537152,20.652585896274296,Evening,Friday,60.71131119139218,67.30386447899235,140.00446081941055,16.976171076313854,3.0,Level 2,Commuter,3.45,0.5810295603537152,2.8689704396462847,0.16841436531991744,9.890107494585253
User_450,Nissan Leaf,62.0,Station_2,Los Angeles,2024-01-19 17:00:00,2024-01-19 20:46:00,9.737039612310449,3.070307175368709,39.66248652039684,Morning,Tuesday,75.78098420909689,97.16335944186612,157.8770594586192,13.520221296228211,4.0,Level 1,Casual Driver,3.7666666666666666,3.070307175368709,0.6963594912979576,0.8151257987704538,3.171356823976787
User_451,Chevy Bolt,85.0,Station_8,Los Angeles,2024-01-19 18:00:00,2024-01-19 21:47:00,39.46218311483076,1.645409808093363,21.672757303621,Morning,Thursday,72.99405914705466,64.45040221704758,53.93574968705855,-1.2608528767847478,2.0,DC Fast Charger,Commuter,3.783333333333333,1.645409808093363,2.1379235252399704,0.4349100814343691,23.983194290398696
User_454,Hyundai Kona,62.0,Station_124,Chicago,2024-01-19 21:00:00,2024-01-20 00:52:00,21.097847217832147,3.468062457867462,25.5517095163491,Night,Friday,66.19996585752617,78.69730898608768,197.84868477952736,-3.5252079868623687,1.0,Level 2,Long-Distance Traveler,3.8666666666666667,3.468062457867462,0.3986042087992048,0.8969127046208953,6.083468067298123
User_457,Hyundai Kona,85.0,Station_10,San Francisco,2024-01-20 00:00:00,2024-01-20 03:50:00,72.54995630814713,0.3599172409276058,32.06992948545012,Morning,Friday,61.84883271010332,64.36786853814274,44.41734515331864,9.6879735645313,0.0,DC Fast Charger,Commuter,3.8333333333333335,0.3599172409276058,3.473416092405728,0.0938914541550276,201.57399551398518
User_461,Tesla Model 3,62.0,Station_8,Chicago,2024-01-20 04:00:00,2024-01-20 06:41:00,16.47214029543078,1.7717153171269555,24.10975592868188,Morning,Tuesday,90.69939969167524,91.81780236135606,141.28878854232272,39.911736178054056,0.0,Level 2,Commuter,2.683333333333333,1.7717153171269555,0.9116180162063776,0.6602665778112878,9.297283901198242
User_464,Nissan Leaf,85.0,Station_362,New York,2024-01-20 07:00:00,2024-01-20 09:31:00,26.566509231569366,1.0655562561532388,32.626966338713174,Afternoon,Friday,13.354201357160642,65.43262383674566,32.84066205433538,37.665443163360855,7.0,Level 1,Casual Driver,2.5166666666666666,1.0655562561532388,1.4511104105134278,0.42339983688208166,24.93205692159045
User_466,Nissan Leaf,85.0,Station_253,Chicago,2024-01-20 09:00:00,2024-01-20 11:40:00,62.04960065177048,1.1777169888307482,35.344789431535474,Morning,Sunday,88.13204445267742,58.35691808891281,205.229616253925,11.034156205320189,5.0,DC Fast Charger,Commuter,2.6666666666666665,1.1777169888307482,1.4889496778359184,0.44164387081153056,52.686342508631114
User_468,Chevy Bolt,75.0,Station_240,San Francisco,2024-01-20 11:00:00,2024-01-20 14:53:00,63.29716818793051,0.8335445839843811,5.541127114661352,Morning,Wednesday,37.26698194802374,70.74768658360593,154.34561667139718,7.957659565172058,4.0,Level 1,Long-Distance Traveler,3.8833333333333333,0.8335445839843811,3.049788749348952,0.2146466739873943,75.93735164754735
User_469,Tesla Model 3,39.297422534529126,Station_438,Houston,2024-01-20 12:00:00,2024-01-20 15:51:00,21.002230102472843,1.8634359746913332,33.58178281533068,Night,Friday,32.27555920443467,58.86833854431998,216.6864603163302,37.19955857157731,7.0,Level 2,Commuter,3.85,1.8634359746913332,1.986564025308667,0.4840093440756709,11.270701214165266
User_473,Nissan Leaf,62.0,Station_149,Los Angeles,2024-01-20 16:00:00,2024-01-20 18:03:00,45.355066305111706,1.4642780697619835,34.75363397380163,Evening,Saturday,86.24033241677763,85.20753539975907,191.27847464502588,29.73598766323549,6.0,Level 2,Long-Distance Traveler,2.05,1.4642780697619835,0.5857219302380163,0.7142819852497481,30.97435332927175
User_476,Hyundai Kona,85.0,Station_478,Los Angeles,2024-01-20 19:00:00,2024-01-20 21:39:00,25.892596490424456,2.5747030476463624,36.64684726237189,Evening,Wednesday,36.57910927172929,44.08637268371391,75.87400701763998,-6.698703624027615,6.0,Level 1,Casual Driver,2.65,2.5747030476463624,0.07529695235363754,0.9715860557156085,10.056537010780291
User_478,Tesla Model 3,75.0,Station_20,Houston,2024-01-20 21:00:00,2024-01-21 00:43:00,34.80201788379793,0.8520497980881836,28.327978747958777,Night,Wednesday,64.52432585147629,57.798200960914784,154.34561667139718,14.224294146774383,2.0,DC Fast Charger,Casual Driver,3.716666666666667,0.8520497980881836,2.864616868578483,0.22925106675018392,40.84505150037729
User_480,Hyundai Kona,78.84320420925265,Station_343,New York,2024-01-20 23:00:00,2024-01-21 01:15:00,77.34671417127635,1.8165242448030536,37.60901008780434,Morning,Tuesday,63.6212275771028,82.11490616846856,154.34561667139718,-5.390181107833149,7.0,Level 2,Casual Driver,2.25,1.8165242448030536,0.43347575519694637,0.8073441088013572,42.57951105940908
User_481,Tesla Model 3,100.0,Station_135,New York,2024-01-21 00:00:00,2024-01-21 02:53:00,31.73110320047439,2.64898293412186,16.74899045179705,Morning,Thursday,39.60719965721378,85.42662634465816,107.6823950190376,-9.30311606449408,1.0,Level 1,Commuter,2.8833333333333333,2.64898293412186,0.23435039921147327,0.9187224048977549,11.978598575227618
User_482,BMW i3,100.0,Station_393,San Francisco,2024-01-21 01:00:00,2024-01-21 04:53:00,41.27067550637497,3.4909127560735143,27.60932373685189,Morning,Friday,10.86844432855906,72.77003285819575,244.03178287529255,-8.037420442484514,1.0,DC Fast Charger,Long-Distance Traveler,3.8833333333333333,3.4909127560735143,0.39242057725981905,0.8989474908343814,11.82231650864719
User_484,Hyundai Kona,85.0,Station_410,San Francisco,2024-01-21 03:00:00,2024-01-21 04:41:00,46.412062022825936,0.851404001814604,32.592705472440954,Morning,Wednesday,19.46391120325772,67.77212935880982,87.22398823104606,-6.860000383855454,5.0,Level 1,Long-Distance Traveler,1.6833333333333333,0.851404001814604,0.8319293315187294,0.505784555533428,54.51238416064236
User_485,Tesla Model 3,75.0,Station_422,New York,2024-01-21 04:00:00,2024-01-21 07:25:00,21.409576368254196,2.688747405717744,14.897692184378757,Morning,Tuesday,33.347001876837226,84.36688507744745,86.90488109479675,29.298692119115717,7.0,Level 1,Commuter,3.4166666666666665,2.688747405717744,0.7279192609489225,0.7869504602100714,7.962658122040678
User_486,Chevy Bolt,100.0,Station_294,Los Angeles,2024-01-21 05:00:00,2024-01-21 06:19:00,54.99600399457137,1.2462496848105056,36.96799540053725,Morning,Tuesday,57.08432709765952,88.92940041903762,11.215519610305956,3.2442471291325976,7.0,DC Fast Charger,Casual Driver,1.3166666666666667,1.2462496848105056,0.07041698185616108,0.946518747957346,44.12920192869185
User_487,Tesla Model 3,100.0,Station_246,Chicago,2024-01-21 06:00:00,2024-01-21 08:50:00,7.739028453603041,2.1044905591572047,15.488292335673664,Evening,Saturday,77.5878565014895,99.5840325558417,100.993065560466,-9.7331719540477,6.0,Level 2,Casual Driver,2.8333333333333335,2.1044905591572047,0.7288427741761287,0.7427613738201899,3.677388059513237
User_490,Nissan Leaf,100.0,Station_86,Chicago,2024-01-21 09:00:00,2024-01-21 12:21:00,27.61163115157696,2.1747180096332643,5.519114485910332,Evening,Sunday,27.5521263709905,68.84943482879109,95.48346782769497,34.20946138998912,6.0,Level 1,Casual Driver,3.35,2.1747180096332643,1.1752819903667358,0.6491695551144072,12.696648958286447
User_492,Hyundai Kona,85.0,Station_330,Houston,2024-01-21 11:00:00,2024-01-21 12:43:00,45.06853330402873,1.7125795757007114,7.398448665378677,Night,Sunday,51.66193909108173,92.05776182737962,76.48391316423336,37.01416735411192,6.0,Level 1,Long-Distance Traveler,1.7166666666666666,1.7125795757007114,0.004087090965955165,0.997619170311094,26.31616886216145
User_496,Tesla Model 3,50.0,Station_390,Houston,2024-01-21 15:00:00,2024-01-21 17:56:00,25.13233553126914,1.899860256838659,32.61585546839829,Night,Monday,25.684348116376185,94.52863671218913,127.43001739522587,40.25549685924228,4.0,Level 1,Commuter,2.933333333333333,1.899860256838659,1.0334730764946742,0.6476796330131792,13.228517961152045
User_498,Tesla Model 3,100.0,Station_51,New York,2024-01-21 17:00:00,2024-01-21 19:32:00,79.41814361458415,2.448882988088648,21.02559182603512,Morning,Wednesday,41.24381173795679,60.46037412094381,54.66136458981261,-0.3803868203410356,6.0,DC Fast Charger,Casual Driver,2.533333333333333,2.448882988088648,0.0844503452446852,0.9666643374034137,32.43035457425835
User_499,Tesla Model 3,75.0,Station_242,San Francisco,2024-01-21 18:00:00,2024-01-21 20:48:00,44.41845305466813,2.3443707303892207,6.18554310775622,Evening,Saturday,22.97712852618256,94.85638958345972,116.420531077901,36.38826993443427,2.0,Level 1,Long-Distance Traveler,2.8,2.3443707303892207,0.4556292696107791,0.8372752608532932,18.946855324069677
User_503,Hyundai Kona,50.0,Station_266,Los Angeles,2024-01-21 22:00:00,2024-01-22 00:57:00,63.79396886506549,0.780726977348041,18.773004704565743,Afternoon,Saturday,35.17374581690467,92.8971265887208,208.1049927875725,22.736710448285702,2.0,Level 2,Commuter,2.95,0.780726977348041,2.169273022651959,0.26465321266035285,81.71098311699139
User_507,BMW i3,62.0,Station_248,New York,2024-01-22 02:00:00,2024-01-22 05:27:00,47.01289216755188,1.666889947193717,5.890131947667906,Evening,Sunday,27.334576091679416,82.10819943528537,18.72980948047723,15.723862443784828,6.0,Level 2,Commuter,3.45,1.666889947193717,1.783110052806283,0.48315650643296143,28.20395686391904
User_510,Tesla Model 3,51.40198311559624,Station_57,New York,2024-01-22 05:00:00,2024-01-22 08:03:00,41.943586371262185,2.5369563233262555,23.05307355829177,Afternoon,Friday,18.607075567989952,79.10217892402866,192.7822601884345,-0.3092942770735867,3.0,Level 2,Long-Distance Traveler,3.05,2.5369563233262555,0.5130436766737443,0.8317889584676248,16.533034481361938
User_511,Chevy Bolt,50.0,Station_382,Los Angeles,2024-01-22 06:00:00,2024-01-22 09:07:00,37.1629261473043,2.5098001501468183,34.2572380165505,Afternoon,Monday,43.85212940109913,85.03959004546304,177.96993909111302,26.515870835747123,7.0,Level 2,Commuter,3.1166666666666667,2.5098001501468183,0.6068665165198484,0.8052834706353428,14.80712563712706
User_512,BMW i3,75.0,Station_39,New York,2024-01-22 07:00:00,2024-01-22 10:50:00,34.66100210237426,3.1763189433023564,8.04523685587209,Morning,Tuesday,27.06295343591448,96.5732929286612,207.7363874429275,5.413055945134586,2.0,DC Fast Charger,Commuter,3.8333333333333335,3.1763189433023564,0.6570143900309771,0.8286049417310495,10.912317912992043
User_516,Chevy Bolt,85.0,Station_18,San Francisco,2024-01-22 11:00:00,2024-01-22 12:11:00,6.538370226754212,0.4764888584944907,38.99101191600969,Morning,Friday,67.80966999908321,60.7172780031837,91.92419965660582,30.05477882154072,2.0,DC Fast Charger,Casual Driver,1.1833333333333333,0.4764888584944907,0.7068444748388427,0.4026666409812597,13.72197924504002
User_518,Hyundai Kona,62.0,Station_220,Chicago,2024-01-22 13:00:00,2024-01-22 16:38:00,16.080974332847084,3.2688994137050384,69.40774319393012,Afternoon,Thursday,12.688739217031737,82.08507354680322,208.89953672695228,38.07846357748428,0.0,DC Fast Charger,Casual Driver,3.6333333333333333,3.2688994137050384,0.36443391962829486,0.8996970863408362,4.919384874746138
User_519,Hyundai Kona,75.0,Station_313,Los Angeles,2024-01-22 14:00:00,2024-01-22 17:38:00,7.557567403210105,1.5006720163824252,28.52468580224395,Night,Monday,17.754276035274597,99.07140402400482,22.22200644715266,39.70275936848749,3.0,Level 1,Commuter,3.6333333333333333,1.5006720163824252,2.132661316950908,0.41302899533461246,5.036122031134194
User_520,Chevy Bolt,54.37091028458795,Station_244,New York,2024-01-22 15:00:00,2024-01-22 16:39:00,15.807797227472452,0.7272326804294439,30.31309028341493,Morning,Friday,74.0910966639012,67.42246670007289,53.311228992071456,22.803971948451284,7.0,Level 1,Long-Distance Traveler,1.65,0.7272326804294439,0.922767319570556,0.44074707904814786,21.736918118335478
User_522,Tesla Model 3,85.0,Station_460,Los Angeles,2024-01-22 17:00:00,2024-01-22 20:45:00,67.93942571536539,1.2230618926040728,0.3070854525009296,Afternoon,Thursday,46.180880806019246,57.46766554454359,109.00880040885484,5.543129286631091,3.0,Level 2,Long-Distance Traveler,3.75,1.2230618926040728,2.526938107395927,0.32614983802775277,55.54864077296422
User_524,Chevy Bolt,85.0,Station_298,Chicago,2024-01-22 19:00:00,2024-01-22 21:20:00,68.55546011969274,0.6207460883241752,13.365617634727815,Night,Wednesday,19.1958641680648,69.22304946268947,40.61263817128683,-7.031217903445266,0.9177196405838852,Level 2,Casual Driver,2.3333333333333335,0.6207460883241752,1.7125872450091584,0.26603403785321794,110.440422274382
User_525,Hyundai Kona,75.0,Station_283,San Francisco,2024-01-22 20:00:00,2024-01-22 22:21:00,36.56579373074047,1.591615524315486,23.289947298874967,Night,Tuesday,58.62796231923209,66.00498834158871,154.34561667139718,6.774915909691412,1.8060796366764589,Level 1,Casual Driver,2.35,1.591615524315486,0.7583844756845142,0.6772832018363769,22.974011733434494
User_526,BMW i3,100.0,Station_74,San Francisco,2024-01-22 21:00:00,2024-01-22 23:12:00,20.45364201596675,0.9197906435013752,9.318802731363286,Evening,Tuesday,57.96078635375154,73.66118680530789,200.1795138076923,7.501798525313916,1.0,DC Fast Charger,Commuter,2.2,0.9197906435013752,1.280209356498625,0.4180866561369887,22.23727992938229
User_527,Hyundai Kona,100.0,Station_110,Los Angeles,2024-01-22 22:00:00,2024-01-23 00:54:00,9.716946683936513,2.3680969327218278,25.71904075066204,Afternoon,Saturday,17.34015102606766,75.07974999789877,100.95890850691092,5.937826145838496,4.0,Level 2,Long-Distance Traveler,2.9,2.3680969327218278,0.5319030672781722,0.8165851492144234,4.103272357507812
User_528,Tesla Model 3,62.0,Station_180,New York,2024-01-22 23:00:00,2024-01-22 23:48:00,61.68434321639767,0.6743009901303187,29.840734726488986,Night,Monday,86.66804504011142,87.83956713726477,277.8175211737991,37.44001253981505,6.0,Level 1,Commuter,0.8,0.6743009901303187,0.1256990098696813,0.8428762376628984,91.47894503977557
User_529,Hyundai Kona,62.0,Station_426,Houston,2024-01-23 00:00:00,2024-01-23 03:28:00,28.578878080059383,0.9772797884793448,36.55775619079015,Afternoon,Wednesday,25.487878220389383,91.46611949979288,268.4562979471927,17.67509365493429,3.0,DC Fast Charger,Long-Distance Traveler,3.466666666666667,0.9772797884793448,2.489386878187322,0.2819076312921187,29.243291856601626
User_531,Nissan Leaf,85.0,Station_234,New York,2024-01-23 02:00:00,2024-01-23 03:32:00,46.76604426109744,0.8976082931589286,36.69891780197888,Morning,Tuesday,18.361941725144952,58.12952778906229,122.10471099931809,6.270019136181286,7.0,DC Fast Charger,Commuter,1.5333333333333334,0.8976082931589286,0.6357250401744048,0.585396712929736,52.10072658365818
User_533,Nissan Leaf,50.0,Station_25,Houston,2024-01-23 04:00:00,2024-01-23 07:57:00,79.39006382394219,2.714307815753389,21.852678261217125,Morning,Saturday,63.91237041956912,87.44451136593865,154.34561667139718,14.461304343531758,4.0,Level 2,Commuter,3.95,2.714307815753389,1.235692184246611,0.6871665356337694,29.24873272042895
User_535,Chevy Bolt,50.0,Station_279,New York,2024-01-23 06:00:00,2024-01-23 09:02:00,19.402523927112213,2.052873698794108,12.0964044320606,Afternoon,Wednesday,22.70527169388543,51.00979703867647,111.92290341716226,-9.275049108842106,6.0,Level 1,Long-Distance Traveler,3.033333333333333,2.052873698794108,0.9804596345392254,0.6767715490530026,9.45139680951126
User_537,Chevy Bolt,85.0,Station_57,Los Angeles,2024-01-23 08:00:00,2024-01-23 09:44:00,44.87005617634201,1.587339770691813,34.23881023394986,Evening,Monday,39.4955529396218,81.20907646730309,63.19030760009094,7.066994360010764,3.0,Level 1,Commuter,1.7333333333333334,1.587339770691813,0.1459935626415203,0.9157729446298921,28.26745540230887
User_540,BMW i3,62.0,Station_382,Los Angeles,2024-01-23 11:00:00,2024-01-23 14:03:00,57.03840397041998,2.1878805730584854,8.95809011257898,Evening,Tuesday,65.23313127161703,89.08926956209135,181.04511627258617,8.223442942415684,5.0,DC Fast Charger,Casual Driver,3.05,2.1878805730584854,0.8621194269415144,0.7173378928060609,26.070163368508165
User_545,Tesla Model 3,50.0,Station_455,San Francisco,2024-01-23 16:00:00,2024-01-23 19:08:00,53.17397382318082,0.6265343118945121,26.687765755891057,Afternoon,Saturday,40.51960080375618,70.54702336187589,105.45068675777992,37.89126924639746,2.0,DC Fast Charger,Long-Distance Traveler,3.1333333333333333,0.6265343118945121,2.5067990214388214,0.19995775911526983,84.87001080977282
User_547,Hyundai Kona,100.0,Station_289,San Francisco,2024-01-23 18:00:00,2024-01-23 21:19:00,64.30797977990255,2.4726580495940502,14.195130618911412,Morning,Monday,42.86107519126045,96.5701974188098,232.1110226457514,-7.676627701888041,6.0,DC Fast Charger,Commuter,3.316666666666667,2.4726580495940502,0.8440086170726167,0.7455250400786081,26.007631661992384
User_548,Nissan Leaf,75.0,Station_213,New York,2024-01-23 19:00:00,2024-01-23 22:18:00,4.288320356345183,2.459856158969858,41.86809852834974,Evening,Tuesday,16.673947376892286,66.46589651251593,107.39690671379375,-8.963939146552088,5.0,Level 1,Casual Driver,3.3,2.459856158969858,0.8401438410301418,0.7454109572635934,1.743321592487364
User_550,Nissan Leaf,75.0,Station_18,San Francisco,2024-01-23 21:00:00,2024-01-23 22:16:00,44.90995546867643,0.8939407757793052,32.16053904074153,Night,Wednesday,32.675379156299975,97.14443980282022,14.12651758215478,27.186087399037447,6.0,Level 2,Casual Driver,1.2666666666666666,0.8939407757793052,0.3727258908873614,0.7057427177205041,50.23817761252199
User_552,Nissan Leaf,62.0,Station_417,New York,2024-01-23 23:00:00,2024-01-24 00:35:00,39.37124122897048,1.4113755476385768,27.082467627446132,Morning,Saturday,85.47480341845245,86.87267358090577,79.7557017327573,27.347052433166567,5.0,DC Fast Charger,Long-Distance Traveler,1.5833333333333333,1.4113755476385768,0.1719577856947565,0.8913950827191012,27.89565207845915
User_553,Nissan Leaf,46.66953088747199,Station_229,Chicago,2024-01-24 00:00:00,2024-01-24 03:43:00,11.75852247006084,3.0422495619992893,13.288627008242782,Night,Friday,14.287268227331143,70.94854751913894,272.88033984390114,-5.123045320963795,3.0,Level 2,Commuter,3.716666666666667,3.0422495619992893,0.6744171046673775,0.8185424830491361,3.865074915922886
User_554,Hyundai Kona,100.0,Station_226,Chicago,2024-01-24 01:00:00,2024-01-24 03:53:00,49.8977884122396,2.4015061649972056,37.87326034672791,Morning,Sunday,56.776136362878844,72.15227538457333,233.24300716478712,18.00827452726469,2.0,DC Fast Charger,Casual Driver,2.8833333333333333,2.4015061649972056,0.4818271683361277,0.8328923115597245,20.77770573297598
User_555,Hyundai Kona,85.0,Station_84,Houston,2024-01-24 02:00:00,2024-01-24 03:42:00,64.60983161155823,1.2268943338915914,37.08082728686741,Morning,Wednesday,21.98287036518241,72.93984362354989,116.17711903418054,17.109240531180074,4.0,Level 1,Long-Distance Traveler,1.7,1.2268943338915914,0.47310566610840854,0.7217025493479949,52.66128453509279
User_557,Chevy Bolt,75.0,Station_435,San Francisco,2024-01-24 04:00:00,2024-01-24 05:46:00,65.5974266945568,1.0268928464258762,2.3480751234581474,Evening,Monday,17.66957397665747,86.32257217342182,154.34561667139718,-9.26753257022055,1.0,Level 2,Commuter,1.7666666666666666,1.0268928464258762,0.7397738202407904,0.581260101750496,63.87952445366635
User_558,Hyundai Kona,50.0,Station_370,New York,2024-01-24 05:00:00,2024-01-24 08:12:00,8.11244782892836,1.6524584369903064,32.128759997708954,Evening,Monday,28.36900452157717,94.75699375152328,286.3428182030144,-8.483436369308658,1.9578939066077323,DC Fast Charger,Casual Driver,3.2,1.6524584369903064,1.5475415630096938,0.5163932615594707,4.909320347992479
User_559,Tesla Model 3,85.0,Station_246,Chicago,2024-01-24 06:00:00,2024-01-24 09:18:00,48.9611152601949,2.967570122040841,12.3264901469482,Evening,Saturday,68.68646311087505,85.61471937832445,122.7506886568816,6.6590121495565455,4.0,Level 2,Casual Driver,3.3,2.967570122040841,0.332429877959159,0.8992636733457093,16.498722269963967
User_560,BMW i3,62.0,Station_402,Houston,2024-01-24 07:00:00,2024-01-24 10:54:00,34.38288065090023,2.52093306902836,22.876376599421903,Night,Sunday,51.16789790994329,88.32990473257357,108.5921418798638,-9.825102181584937,7.0,Level 1,Long-Distance Traveler,3.9,2.52093306902836,1.3790669309716401,0.6463930946226564,13.63895022574018
User_562,Tesla Model 3,62.0,Station_254,San Francisco,2024-01-24 09:00:00,2024-01-24 10:54:00,37.23027566973339,1.3158292480171974,24.62547643674416,Afternoon,Sunday,66.89443080638873,90.57226050462458,207.1659351930572,9.714810900062302,6.0,Level 1,Commuter,1.9,1.3158292480171974,0.5841707519828025,0.6925417094827355,28.294154219352635
User_563,Hyundai Kona,62.0,Station_88,Chicago,2024-01-24 10:00:00,2024-01-24 13:09:00,54.78487940320012,1.835515716682636,30.792272179903332,Morning,Thursday,64.23263517878756,61.686776590427314,204.7097989049075,26.548942168481005,4.0,Level 1,Long-Distance Traveler,3.15,1.835515716682636,1.314484283317364,0.5827034021214718,29.84713173811114
User_564,BMW i3,75.0,Station_72,Houston,2024-01-24 11:00:00,2024-01-24 14:31:00,37.42669941100735,2.3535244577998764,5.466831569207942,Afternoon,Tuesday,94.43594757344395,90.53708519645944,136.9591350117216,15.356177546750448,6.0,Level 1,Casual Driver,3.5166666666666666,2.3535244577998764,1.1631422088667902,0.6692486609857469,15.902405129876835
User_565,BMW i3,85.0,Station_381,Los Angeles,2024-01-24 12:00:00,2024-01-24 15:49:00,28.079314202327826,0.851949340305673,11.336121483160047,Morning,Sunday,25.388197818588495,91.34610764842,145.7988862804015,27.956887340129533,5.0,Level 1,Long-Distance Traveler,3.816666666666667,0.851949340305673,2.9647173263609936,0.22321816776567852,32.958901279568074
User_566,BMW i3,62.0,Station_30,Chicago,2024-01-24 13:00:00,2024-01-24 14:28:00,79.78776885692933,1.446464436407853,15.676626990703951,Afternoon,Wednesday,79.81742730365542,74.12982191395835,286.57276713345254,1.1453232141019924,4.0,Level 1,Casual Driver,1.4666666666666666,1.446464436407853,0.020202230258813625,0.9862257520962634,55.160546535851324
User_569,BMW i3,50.0,Station_394,Los Angeles,2024-01-24 16:00:00,2024-01-24 19:43:00,60.63745352964948,1.7538457751294445,14.5889271231461,Afternoon,Monday,71.58529275501547,56.16768065895357,135.99532137096764,12.168906712780108,0.0,DC Fast Charger,Long-Distance Traveler,3.716666666666667,1.7538457751294445,1.9628208915372223,0.47188675564020927,34.57399412737649
User_574,Chevy Bolt,91.28885270753447,Station_194,San Francisco,2024-01-24 21:00:00,2024-01-25 00:05:00,8.383690895109462,2.0002674427255034,11.676242695172816,Morning,Wednesday,75.61769581932225,76.10522265059508,283.73065488496775,18.406878991218072,3.0,Level 1,Casual Driver,3.0833333333333335,2.0002674427255034,1.08306589060783,0.648735386829893,4.191284983215095
User_575,Hyundai Kona,50.0,Station_186,Los Angeles,2024-01-24 22:00:00,2024-01-25 01:14:00,60.939817877399975,1.812472507313064,30.0556045926098,Afternoon,Sunday,81.441194681009,66.37170348590195,88.25561781096748,1.8954900233499377,3.898678748629223,DC Fast Charger,Casual Driver,3.2333333333333334,1.812472507313064,1.4208608260202693,0.5605585074164116,33.62247848257926
User_578,BMW i3,85.0,Station_161,Chicago,2024-01-25 01:00:00,2024-01-25 02:43:00,7.603711413792093,0.8071934731868609,5.584713216904807,Morning,Saturday,38.779269560201854,94.04383182424516,87.85555332964243,0.210771382575384,3.0,Level 2,Commuter,1.7166666666666666,0.8071934731868609,0.9094731934798057,0.4702097902059384,9.419936689740645
User_579,Nissan Leaf,85.0,Station_431,Los Angeles,2024-01-25 02:00:00,2024-01-25 05:32:00,70.536636587169,2.4841473226113617,19.807062464081817,Morning,Saturday,87.14823173121326,66.96786044167332,173.21217147947226,30.27475489833003,6.0,DC Fast Charger,Long-Distance Traveler,3.533333333333333,2.4841473226113617,1.0491860107219715,0.7030605630032156,28.394707489819947
User_582,Hyundai Kona,100.0,Station_89,Los Angeles,2024-01-25 05:00:00,2024-01-25 07:35:00,14.355208491625932,1.7662988795206973,35.246592689419245,Evening,Monday,13.134702560900068,53.73066045094701,274.7990199525856,21.976294160897577,2.0,Level 1,Long-Distance Traveler,2.5833333333333335,1.7662988795206973,0.8170344538126362,0.6837285985241408,8.127281661142966
User_583,Tesla Model 3,85.0,Station_324,New York,2024-01-25 06:00:00,2024-01-25 08:47:00,74.7896950755514,1.8798623119420803,10.342252696579552,Morning,Saturday,16.30623976881609,69.88709284489468,260.0043740481551,32.745897574028064,3.0,Level 1,Long-Distance Traveler,2.783333333333333,1.8798623119420803,0.9034710213912529,0.6753996330330828,39.7846664622402
User_584,Tesla Model 3,75.0,Station_42,San Francisco,2024-01-25 07:00:00,2024-01-25 10:24:00,41.98075323406805,1.7321354425638893,37.620635296365485,Evening,Sunday,14.258182790042476,60.36416529245368,156.73213771865275,15.617520571994522,4.814970203016184,DC Fast Charger,Casual Driver,3.4,1.7321354425638893,1.6678645574361106,0.5094516007540851,24.23641489139473
User_589,BMW i3,62.0,Station_275,Houston,2024-01-25 12:00:00,2024-01-25 13:14:00,71.97510217973728,1.057536323648838,32.02073544910948,Morning,Monday,63.10375471060478,63.99918589403212,103.9155587984807,21.52620216393159,5.0,Level 2,Commuter,1.2333333333333334,1.057536323648838,0.1757970096844954,0.8574618840395983,68.05922460554375
User_591,Tesla Model 3,50.0,Station_279,Los Angeles,2024-01-25 14:00:00,2024-01-25 17:57:00,45.134038075505366,2.0188481899147668,10.676358867519522,Morning,Wednesday,51.051321059781294,75.88273060916863,193.9071204532113,2.872382522475686,3.0,Level 2,Casual Driver,3.95,2.0188481899147668,1.9311518100852334,0.5111008075733586,22.35633085289631
User_592,Tesla Model 3,85.0,Station_251,New York,2024-01-25 15:00:00,2024-01-25 18:12:00,23.92092196826273,2.1458063544955026,6.984975882158874,Afternoon,Wednesday,86.84411862438084,89.24746094399288,11.97092257648914,22.17022646695312,4.415774008975135,Level 2,Commuter,3.2,2.1458063544955026,1.0541936455044976,0.6705644857798445,11.147754278081976
User_593,Hyundai Kona,85.0,Station_310,New York,2024-01-25 16:00:00,2024-01-25 19:43:00,40.63092350376829,2.7497394121507943,9.165930228007497,Afternoon,Sunday,31.278431311471454,70.89589429940227,250.2821966735628,17.414579084848018,4.0,Level 1,Long-Distance Traveler,3.716666666666667,2.7497394121507943,0.9669272545158725,0.739840200578689,14.776281462972356
User_596,Hyundai Kona,75.0,Station_140,Los Angeles,2024-01-25 19:00:00,2024-01-25 22:44:00,36.490277883670345,0.7047543150612254,23.36364120539393,Night,Monday,64.22809474454678,76.17290419324496,241.98464368309695,36.04862346055762,2.0,Level 2,Long-Distance Traveler,3.7333333333333334,0.7047543150612254,3.028579018272108,0.18877347724854251,51.77730324432318
User_602,BMW i3,50.0,Station_57,Houston,2024-01-26 01:00:00,2024-01-26 04:26:00,21.4227595329351,0.7348796153422308,28.072895576530428,Afternoon,Monday,86.49476539812044,52.98111185901106,74.38130924687583,12.043850042390211,7.0,DC Fast Charger,Commuter,3.433333333333333,0.7348796153422308,2.6984537179911023,0.2140426064103585,29.151386275639986
User_605,Chevy Bolt,75.0,Station_410,San Francisco,2024-01-26 04:00:00,2024-01-26 05:27:00,51.63684234428119,0.7835521249094246,13.479666789464092,Afternoon,Monday,32.40961572811105,78.63615922559178,277.732606764294,31.302787524423408,0.0,Level 1,Long-Distance Traveler,1.45,0.7835521249094246,0.6664478750905753,0.5403807757996032,65.90096651227918
User_606,Chevy Bolt,85.0,Station_414,Chicago,2024-01-26 05:00:00,2024-01-26 07:13:00,44.81719081526413,1.0358587667958,32.94204561906906,Morning,Tuesday,66.40059792966022,88.70306595249613,174.92688876199773,-6.159650195104213,1.658013067443325,Level 1,Long-Distance Traveler,2.216666666666667,1.0358587667958,1.1808078998708669,0.4673047068251729,43.26573491663945
User_607,BMW i3,50.0,Station_182,Chicago,2024-01-26 06:00:00,2024-01-26 09:19:00,19.362005744810176,2.536249341680839,35.25777162955957,Night,Wednesday,47.22523795880807,83.91200043508005,107.74848344345337,0.3746593402422871,7.0,DC Fast Charger,Casual Driver,3.316666666666667,2.536249341680839,0.7804173249858279,0.7646982939741223,7.6341097172955665
User_608,Tesla Model 3,75.0,Station_13,Chicago,2024-01-26 07:00:00,2024-01-26 10:35:00,55.39579143864877,2.253027295813109,12.864307212312454,Afternoon,Monday,12.98057685502397,61.21899271402144,163.25017153036194,29.71628091352946,6.0,Level 1,Commuter,3.5833333333333335,2.253027295813109,1.3303060375202245,0.6287518034827281,24.587270443457562
User_609,Nissan Leaf,50.0,Station_339,Houston,2024-01-26 08:00:00,2024-01-26 10:37:00,22.016443610220865,1.2691575992195072,35.94010097989639,Morning,Monday,23.665610919342743,74.89872941823225,236.5735610243411,11.544380927607264,0.0,Level 1,Casual Driver,2.6166666666666667,1.2691575992195072,1.3475090674471595,0.4850283818673276,17.34728896061474
User_610,Tesla Model 3,75.0,Station_285,New York,2024-01-26 09:00:00,2024-01-26 12:59:00,67.38186056016852,0.7992102307305,25.81518235674937,Night,Wednesday,12.054790024376816,86.4902469957745,233.8834989699705,5.890056032833771,2.0,DC Fast Charger,Commuter,3.9833333333333334,0.7992102307305,3.1841231026028334,0.20063855164782426,84.3105580600234
User_611,Tesla Model 3,75.0,Station_259,San Francisco,2024-01-26 10:00:00,2024-01-26 13:07:00,68.23834404896303,2.710437199046852,39.68502240326799,Evening,Thursday,30.228181598609112,80.04374460476306,245.314668877854,11.712169604952358,7.0,Level 1,Long-Distance Traveler,3.1166666666666667,2.710437199046852,0.4062294676198146,0.8696589943465836,25.176139138349935
User_613,Hyundai Kona,75.0,Station_104,Chicago,2024-01-26 12:00:00,2024-01-26 15:40:00,42.91893733882982,3.1653954182663813,22.071556691970493,Morning,Monday,34.83463935826441,97.25178675418088,129.4031901986671,6.362088419350972,5.0,DC Fast Charger,Casual Driver,3.6666666666666665,3.1653954182663813,0.5012712484002853,0.8632896595271949,13.558791767739272
User_615,Tesla Model 3,62.0,Station_186,Chicago,2024-01-26 14:00:00,2024-01-26 17:49:00,35.327332248586075,1.4716437603646677,25.36250422932223,Morning,Wednesday,51.41733330420172,73.33529424607988,128.32099334561258,29.212784494288904,3.0,DC Fast Charger,Long-Distance Traveler,3.816666666666667,1.4716437603646677,2.345022906301999,0.3855835179994762,24.005355915640955
User_616,Chevy Bolt,62.0,Station_250,Chicago,2024-01-26 15:00:00,2024-01-26 17:45:00,74.51050318325304,1.589218757649078,29.59671412822717,Morning,Saturday,70.43050310785254,95.65922813290568,298.29967593868054,36.383385462428805,1.0,Level 1,Casual Driver,2.75,1.589218757649078,1.160781242350922,0.5778977300542102,46.884988504336555
User_618,Nissan Leaf,85.0,Station_76,Houston,2024-01-26 17:00:00,2024-01-26 20:44:00,49.73870005239731,2.0155172553936804,19.584955491591103,Night,Wednesday,85.7276473198578,52.82854414772641,272.1851200948879,7.812917020555137,6.0,DC Fast Charger,Commuter,3.7333333333333334,2.0155172553936804,1.717816077939653,0.5398706934090215,24.677883515654703
User_619,BMW i3,1.5365397434796702,Station_386,New York,2024-01-26 18:00:00,2024-01-26 19:55:00,23.52224181213657,1.8443738513652728,0.6713465052444556,Morning,Tuesday,74.93082559717652,96.89694699240272,162.18850148381796,13.67513571087282,5.0,DC Fast Charger,Long-Distance Traveler,1.9166666666666667,1.8443738513652728,0.07229281530139398,0.9622820094079684,12.753510788891607
User_620,BMW i3,100.0,Station_459,Houston,2024-01-26 19:00:00,2024-01-26 22:58:00,44.95337165292389,1.5923756223747267,26.378650513303967,Night,Saturday,66.85003619045646,61.31395762559154,232.2448941320328,22.59449152426216,5.0,Level 1,Casual Driver,3.966666666666667,1.5923756223747267,2.3742910442919403,0.4014392325314437,28.230381714764288
User_621,Hyundai Kona,121.2118923533745,Station_108,San Francisco,2024-01-26 20:00:00,2024-01-26 22:54:00,66.70523645325736,1.8952201719593704,32.285230726225045,Night,Wednesday,56.71797218306136,83.6461815329856,166.62444388661453,32.84721980697499,7.0,Level 2,Commuter,2.9,1.8952201719593704,1.0047798280406295,0.6535241972273691,35.19656314352873
User_622,Nissan Leaf,62.0,Station_156,Houston,2024-01-26 21:00:00,2024-01-26 23:51:00,44.06215479055562,2.714331888364399,5.449246048885791,Morning,Sunday,74.68318533575786,73.06427881282285,10.898430607673127,3.802174549018837,3.0,Level 2,Casual Driver,2.85,2.714331888364399,0.1356681116356011,0.9523971538120698,16.233149298889376
User_624,BMW i3,85.0,Station_77,San Francisco,2024-01-26 23:00:00,2024-01-27 02:39:00,21.76458667261335,2.0100101346312087,23.20977594440839,Morning,Friday,64.87936303535116,59.01954509147424,204.08251867131,20.678423517606525,7.0,DC Fast Charger,Long-Distance Traveler,3.65,2.0100101346312087,1.6399898653687912,0.5506877081181394,10.828097977031673
User_626,Nissan Leaf,65.23649825134287,Station_470,Los Angeles,2024-01-27 01:00:00,2024-01-27 03:58:00,15.474096088332848,0.7877986428506285,15.063206952124467,Evening,Monday,46.07069571420915,58.59052044642799,154.34561667139718,12.602687128795887,5.0,Level 2,Commuter,2.966666666666667,0.7877986428506285,2.1788680238160385,0.26555010433167253,19.64219693542533
User_627,BMW i3,50.0,Station_460,New York,2024-01-27 02:00:00,2024-01-27 05:53:00,43.51234710063929,1.1812191146524962,6.619677868033717,Evening,Wednesday,17.369808651685883,95.17216451077678,141.16813211268564,21.078461325587387,3.0,DC Fast Charger,Commuter,3.8833333333333333,1.1812191146524962,2.702114218680837,0.3041765960478531,36.83681254467358
User_628,Nissan Leaf,75.0,Station_258,Houston,2024-01-27 03:00:00,2024-01-27 06:14:00,38.5981394103895,1.369419618363992,45.044269358732905,Evening,Saturday,37.92749853459692,75.10094365242409,298.319221457481,6.161191380180163,6.0,Level 2,Long-Distance Traveler,3.2333333333333334,1.369419618363992,1.8639137149693414,0.42353184073113154,28.185764898345504
User_629,BMW i3,62.0,Station_127,San Francisco,2024-01-27 04:00:00,2024-01-27 06:48:00,45.07891731764474,2.400914068190405,6.5566109443781215,Evening,Saturday,40.17000798850017,94.603668586739,250.41634858297155,7.33503583628978,5.0,Level 2,Commuter,2.8,2.400914068190405,0.39908593180959473,0.8574693100680019,18.77573125789596
User_633,BMW i3,62.0,Station_474,New York,2024-01-27 08:00:00,2024-01-27 11:24:00,62.91943734898983,1.110562981668299,38.96704817229725,Afternoon,Saturday,39.36013937047071,50.60418727572144,268.54743343794433,21.519498317087468,4.0,DC Fast Charger,Casual Driver,3.4,1.110562981668299,2.289437018331701,0.32663617107891146,56.65544267869583
User_634,Chevy Bolt,35.044354421165465,Station_88,Los Angeles,2024-01-27 09:00:00,2024-01-27 11:19:00,18.39971040043272,2.065520389554198,28.021511275917074,Afternoon,Saturday,36.50968370288002,85.7697373307883,160.4171358204794,15.833470808710103,0.0,DC Fast Charger,Commuter,2.316666666666667,2.065520389554198,0.25114627711246884,0.891591535059366,8.908026516457644
User_635,Tesla Model 3,62.0,Station_204,New York,2024-01-27 10:00:00,2024-01-27 13:52:00,47.49230024226053,3.410300606205229,6.153396129012328,Morning,Friday,62.16113017351604,63.07947980040336,46.772157427623455,-5.253638201447788,7.0,Level 1,Long-Distance Traveler,3.8666666666666667,3.410300606205229,0.4563660604614377,0.8819742947082488,13.926133126166556
User_636,Tesla Model 3,85.0,Station_16,San Francisco,2024-01-27 11:00:00,2024-01-27 14:29:00,21.47142841095029,3.1162253455849,26.87453275967183,Afternoon,Tuesday,53.35164134135862,86.03135032630132,281.2570146793227,16.60261301916026,4.0,DC Fast Charger,Casual Driver,3.4833333333333334,3.1162253455849,0.36710798774843356,0.894610147057866,6.890204022430929
User_640,Hyundai Kona,85.0,Station_188,Houston,2024-01-27 15:00:00,2024-01-27 18:21:00,66.89909636313753,2.7694854642977385,17.09197469429383,Morning,Tuesday,22.593136047374216,75.40468288713939,227.42716140391556,-4.073387952520587,6.0,DC Fast Charger,Commuter,3.35,2.7694854642977385,0.5805145357022616,0.8267120788948473,24.155785334696173
User_641,BMW i3,62.0,Station_329,Los Angeles,2024-01-27 16:00:00,2024-01-27 19:17:00,68.06928828300951,1.3211779345219874,29.472256292394487,Morning,Monday,62.06441940214671,82.6938659048567,135.72503239178508,-4.9925236650444536,1.0,Level 1,Commuter,3.283333333333333,1.3211779345219874,1.9621553988113458,0.4023892186361383,51.52166601059495
User_642,Hyundai Kona,50.0,Station_32,Houston,2024-01-27 17:00:00,2024-01-27 19:11:00,40.05179662487088,1.0397449093656566,36.04711966045228,Morning,Saturday,21.78035695349116,92.3319815886202,114.7560838987734,30.28535775941765,2.0,DC Fast Charger,Casual Driver,2.183333333333333,1.0397449093656566,1.1435884239676766,0.47621904245755264,38.52079126726025
User_644,Chevy Bolt,62.0,Station_485,Houston,2024-01-27 19:00:00,2024-01-27 21:03:00,38.36041212940863,1.2969834264391895,10.22554197002394,Night,Tuesday,72.50501027428835,86.30071771574521,281.0252124025229,5.501271668564232,4.0,DC Fast Charger,Long-Distance Traveler,2.05,1.2969834264391895,0.7530165735608103,0.6326748421654583,29.576640184775098
User_645,Hyundai Kona,75.0,Station_397,Houston,2024-01-27 20:00:00,2024-01-27 23:21:00,6.337534264521747,0.9414062476062164,12.547932563551504,Morning,Wednesday,44.29225742818147,55.5236463027372,170.92055240618774,26.70894079525074,4.0,Level 1,Long-Distance Traveler,3.35,0.9414062476062164,2.4085937523937835,0.2810167903302138,6.731986621755131
User_648,Hyundai Kona,50.0,Station_330,Houston,2024-01-27 23:00:00,2024-01-28 02:29:00,62.42036136933443,2.500035280187061,8.075374255374006,Night,Thursday,119.0511074773042,50.38374047794385,263.5031195019603,23.667158357363988,0.0,DC Fast Charger,Casual Driver,3.4833333333333334,2.500035280187061,0.9832980531462723,0.7177134775656635,24.96779220038204
User_650,Nissan Leaf,41.65658284822922,Station_333,Los Angeles,2024-01-28 01:00:00,2024-01-28 02:37:00,58.45788451376784,1.0203811604697437,37.03351585096888,Afternoon,Monday,30.09804154498584,76.8615954584726,73.79130119150985,20.69280347103373,7.0,Level 2,Casual Driver,1.6166666666666667,1.0203811604697437,0.596285506196923,0.6311636044142744,57.29024288027438
User_652,Nissan Leaf,100.0,Station_181,Los Angeles,2024-01-28 03:00:00,2024-01-28 06:54:00,76.06503880500838,3.7243685191469313,8.832716318205737,Evening,Wednesday,15.221759885479162,83.98306136985278,233.27340676216312,10.675410149056148,1.0,DC Fast Charger,Long-Distance Traveler,3.9,3.7243685191469313,0.17563148085306857,0.9549662869607517,20.423606958860002
User_653,Chevy Bolt,75.0,Station_366,New York,2024-01-28 04:00:00,2024-01-28 06:34:00,51.21630472206044,1.84505065646182,35.13982235875972,Evening,Thursday,89.52818265685809,56.59526966277224,54.83784076575183,14.461325524500763,5.0,Level 2,Long-Distance Traveler,2.566666666666667,1.84505065646182,0.7216160102048468,0.7188509051149948,27.75875260805896
User_667,Hyundai Kona,75.0,Station_228,San Francisco,2024-01-28 18:00:00,2024-01-28 19:57:00,58.19728526882489,1.7620474180588634,38.29626240191442,Evening,Sunday,25.84005873762033,83.11743200557254,221.2100281938695,19.90110938909792,5.0,DC Fast Charger,Casual Driver,1.95,1.7620474180588634,0.1879525819411365,0.903614060543007,33.02821744317027
User_671,Chevy Bolt,85.0,Station_388,Los Angeles,2024-01-28 22:00:00,2024-01-29 01:35:00,41.97718283907795,3.196445552138501,19.562816700909146,Evening,Tuesday,11.415452890941662,88.49863229758265,260.4855529228803,8.216271168307653,5.0,Level 2,Commuter,3.5833333333333335,3.196445552138501,0.3868877811948326,0.8920313168758607,13.132456709920861
User_675,Tesla Model 3,96.98923662331453,Station_445,Chicago,2024-01-29 02:00:00,2024-01-29 04:35:00,54.860003290031365,1.7409047219251486,18.791583931608667,Morning,Tuesday,16.504645864265477,133.6294352306017,225.6350477231055,-7.668417861130797,0.0,DC Fast Charger,Casual Driver,2.5833333333333335,1.7409047219251486,0.8424286114081849,0.6738986020355413,31.51235251367772
User_676,Hyundai Kona,105.55496694435764,Station_421,Houston,2024-01-29 03:00:00,2024-01-29 06:54:00,48.50288659256919,3.2569565894463173,13.984073654590322,Night,Monday,28.208935069265067,64.31222001060793,94.94198697812332,23.88774269762121,4.0,Level 2,Casual Driver,3.9,3.2569565894463173,0.6430434105536826,0.8351170742170044,14.892088752344925
User_677,Hyundai Kona,62.0,Station_151,Chicago,2024-01-29 04:00:00,2024-01-29 05:27:00,52.53257448488719,0.7500343405308991,17.654317428764656,Night,Thursday,29.71940200562245,63.899161425123765,62.19603106163954,36.52061298064519,0.0,Level 2,Long-Distance Traveler,1.45,0.7500343405308991,0.6999656594691008,0.5172650624351028,70.04022568847034
User_678,Chevy Bolt,75.0,Station_221,Houston,2024-01-29 05:00:00,2024-01-29 08:50:00,45.47118879513778,2.957746789429136,7.388725698983668,Morning,Sunday,56.83137688293154,89.62384238551863,289.7879843555108,26.50442557179917,6.0,Level 1,Commuter,3.8333333333333335,2.957746789429136,0.8755865439041974,0.7715861189815137,15.373590787977495
User_679,Hyundai Kona,50.0,Station_341,New York,2024-01-29 06:00:00,2024-01-29 08:51:00,34.6802647525039,1.4975626824084889,36.02625218643517,Morning,Friday,79.03092865995887,53.99698887539003,218.29028012352515,37.34587349327117,6.0,Level 2,Commuter,2.85,1.4975626824084889,1.3524373175915112,0.525460590318768,23.15780511886727
User_681,Hyundai Kona,100.0,Station_237,Chicago,2024-01-29 08:00:00,2024-01-29 10:21:00,27.28221643798108,0.9998347402393436,12.45233588300988,Afternoon,Tuesday,54.573853324395245,74.28770014952136,130.78815463221682,-3.339891179312307,0.0,DC Fast Charger,Long-Distance Traveler,2.35,0.9998347402393436,1.3501652597606566,0.42546159159121005,27.286725835761796
User_683,Nissan Leaf,62.0,Station_497,Los Angeles,2024-01-29 10:00:00,2024-01-29 12:52:00,9.44816711008226,1.465804515944262,17.593331704402168,Afternoon,Monday,75.62404762261002,93.73758915768624,115.37806159223754,-4.807451278393612,2.8963606640999924,DC Fast Charger,Commuter,2.8666666666666667,1.465804515944262,1.4008621507224046,0.5113271567247426,6.445721108995089
User_684,Nissan Leaf,85.0,Station_219,Chicago,2024-01-29 11:00:00,2024-01-29 13:05:00,53.104493654248735,1.8580966641953,40.3175304739871,Night,Thursday,33.6601357810824,52.83378326682362,74.38140222321842,14.121318217820637,6.0,Level 2,Casual Driver,2.0833333333333335,1.8580966641953,0.22523666913803342,0.891886398813744,28.580048970297838
User_686,Tesla Model 3,75.0,Station_424,Houston,2024-01-29 13:00:00,2024-01-29 15:54:00,51.20692408624951,1.2881060252543053,24.57716643900033,Afternoon,Wednesday,67.38758549248693,59.75759842874595,178.11509933838914,12.322504555568166,5.0,Level 2,Commuter,2.9,1.2881060252543053,1.6118939747456946,0.44417449146700183,39.753656207096725
User_687,Hyundai Kona,101.10298785881888,Station_461,Houston,2024-01-29 14:00:00,2024-01-29 17:01:00,7.275443511373867,2.6906032551566943,34.654040907546545,Night,Saturday,12.88478096498137,72.4517483132095,66.80027139939963,26.953658531337915,0.0,Level 2,Commuter,3.0166666666666666,2.6906032551566943,0.3260634115099723,0.8919126812674125,2.704019441524894
User_689,Tesla Model 3,100.0,Station_123,New York,2024-01-29 16:00:00,2024-01-29 19:39:00,74.34970162186968,2.228619732721868,31.42153777484048,Evening,Friday,78.78459856129506,61.99533259610632,144.43722189921488,-8.059848673780747,1.0,Level 2,Long-Distance Traveler,3.65,2.228619732721868,1.4213802672781317,0.6105807486909228,33.36132249491687
User_691,Hyundai Kona,100.0,Station_478,New York,2024-01-29 18:00:00,2024-01-29 21:39:00,57.23283445266599,1.389640351950641,5.66399012717631,Evening,Tuesday,22.44089942066365,63.15177111448933,36.00389596159371,0.8305829090527883,4.0,Level 1,Commuter,3.65,1.389640351950641,2.260359648049359,0.38072338409606604,41.18535732812317
User_693,BMW i3,100.0,Station_255,Los Angeles,2024-01-29 20:00:00,2024-01-29 22:21:00,10.420110802780291,1.229348211397581,8.942145214401862,Afternoon,Saturday,54.97882573715829,59.780788575001054,143.56103568738638,21.293106505425005,2.0,Level 1,Commuter,2.35,1.229348211397581,1.120651788602419,0.5231268984670557,8.476126378330365
User_694,Tesla Model 3,85.0,Station_68,Houston,2024-01-29 21:00:00,2024-01-29 23:53:00,47.19744469005413,1.551271282498898,9.9884727910293,Night,Friday,74.87748787760317,94.07356949467206,278.9265238402248,28.41994109024357,7.0,Level 1,Casual Driver,2.8833333333333333,1.551271282498898,1.3320620508344354,0.5380131615603114,30.425010262566797
User_696,Nissan Leaf,85.0,Station_336,San Francisco,2024-01-29 23:00:00,2024-01-30 02:58:00,37.84729729719263,2.262536220950611,8.330983169593306,Afternoon,Wednesday,55.25180507003179,101.70196154582192,173.23290189326207,24.38193039875923,4.0,Level 2,Casual Driver,3.966666666666667,2.262536220950611,1.7041304457160558,0.570387282592591,16.727819403170034
User_700,Nissan Leaf,62.0,Station_409,Houston,2024-01-30 03:00:00,2024-01-30 05:34:00,24.401133035107133,1.478023096097471,24.134635523601357,Afternoon,Tuesday,65.98351536998533,51.25486777484991,32.039490764758696,23.590289730681064,0.0,Level 1,Long-Distance Traveler,2.566666666666667,1.478023096097471,1.088643570569196,0.5758531543236899,16.5093042859311
User_705,Tesla Model 3,100.0,Station_256,Los Angeles,2024-01-30 08:00:00,2024-01-30 11:57:00,56.65756369693637,0.6132085077161415,12.846529275978984,Night,Monday,84.61526142274654,88.99562892720596,151.96650872316795,17.367661723808453,0.0,Level 1,Casual Driver,3.95,0.6132085077161415,3.336791492283859,0.15524266018130164,92.39526683664923
User_707,Hyundai Kona,85.0,Station_353,Los Angeles,2024-01-30 10:00:00,2024-01-30 13:26:00,9.669665590124442,1.6215747563116645,16.716821965769462,Evening,Tuesday,48.38561451259521,71.20894956034991,145.13270890073923,-1.9450676176789048,3.6081348728532543,Level 2,Commuter,3.433333333333333,1.6215747563116645,1.8117585770216686,0.47230332708106737,5.963132783417569
User_708,Chevy Bolt,193.0030738908944,Station_220,Houston,2024-01-30 11:00:00,2024-01-30 12:32:00,42.74479256756108,1.180162501458162,14.255748276568443,Evening,Saturday,19.56303215617694,67.79633548104113,119.4883558366469,-4.172668306472096,4.0,Level 2,Casual Driver,1.5333333333333334,1.180162501458162,0.3531708318751714,0.7696711966031491,36.21941259339057
User_709,Tesla Model 3,75.0,Station_9,Chicago,2024-01-30 12:00:00,2024-01-30 15:39:00,58.281853729008496,2.280942968456774,31.952997736716917,Afternoon,Sunday,34.459615544112054,84.48778807694728,205.39547022079915,26.12620097339281,5.48970015202478,Level 1,Commuter,3.65,2.280942968456774,1.369057031543226,0.6249158817689792,25.551648829010603
User_713,Nissan Leaf,75.0,Station_244,Houston,2024-01-30 16:00:00,2024-01-30 16:59:00,45.9092521544369,0.7087385462007003,11.234497775213969,Night,Tuesday,40.71611726313112,97.28846478393484,194.2513955234278,28.40385151251196,5.0,Level 2,Commuter,0.9833333333333333,0.7087385462007003,0.27459478713263297,0.7207510639329157,64.77600576480616
User_714,Chevy Bolt,75.0,Station_182,Houston,2024-01-30 17:00:00,2024-01-30 20:36:00,8.115370261050328,1.9781475768604837,26.846863527631847,Evening,Saturday,22.18992507323624,99.6280979332727,223.4058066531342,33.691150813162494,0.0,DC Fast Charger,Long-Distance Traveler,3.6,1.9781475768604837,1.6218524231395164,0.549485438016801,4.102510023003554
User_717,Nissan Leaf,85.0,Station_99,New York,2024-01-30 20:00:00,2024-01-30 21:51:00,23.2226343840928,0.6564859609421378,30.837150626255116,Afternoon,Saturday,17.513436634097637,97.23831329500736,214.20091795488923,22.91019950470565,0.0,Level 1,Long-Distance Traveler,1.85,0.6564859609421378,1.1935140390578622,0.35485727618493934,35.37415232881062
User_720,Nissan Leaf,62.0,Station_366,New York,2024-01-30 23:00:00,2024-01-31 02:55:00,32.25299063735733,3.6496256877146847,35.48158300718735,Evening,Friday,45.41422996353133,78.6383229213933,25.05757787305148,-1.9255447355113608,4.0,Level 2,Commuter,3.9166666666666665,3.6496256877146847,0.26704097895198187,0.9318193245228983,8.837342072072449
User_722,Chevy Bolt,100.0,Station_333,New York,2024-01-31 01:00:00,2024-01-31 02:14:00,77.29578007017075,0.6842951580787797,8.431094782973393,Afternoon,Tuesday,52.89673368546667,74.0491279791676,86.4568508507111,-8.892368362555017,5.0,DC Fast Charger,Long-Distance Traveler,1.2333333333333334,0.6842951580787797,0.5490381752545537,0.5548339119557674,112.9567835715594
User_724,BMW i3,50.0,Station_106,Houston,2024-01-31 03:00:00,2024-01-31 06:56:00,55.30273056094204,2.544566059466172,24.08202573037472,Morning,Thursday,71.91664638264722,88.37524193738372,106.93964742381894,30.18843916487025,1.0,Level 2,Commuter,3.933333333333333,2.544566059466172,1.388767273867161,0.6469235744405523,21.73365881196422
User_725,Tesla Model 3,100.0,Station_365,Chicago,2024-01-31 04:00:00,2024-01-31 07:48:00,10.192259430922377,2.1936622255764453,29.61595785137218,Evening,Saturday,14.184548280774854,71.74589400625973,298.9694610309599,-5.392329139958187,3.0,DC Fast Charger,Long-Distance Traveler,3.8,2.1936622255764453,1.6063377744235545,0.577279533046433,4.646230085966895
User_728,Nissan Leaf,62.0,Station_78,Houston,2024-01-31 07:00:00,2024-01-31 08:33:00,12.350406115320627,1.4995568792791971,24.30929723635528,Night,Wednesday,47.07173172848,68.83315695012828,154.34561667139718,15.009867293225184,4.0,DC Fast Charger,Long-Distance Traveler,1.55,1.4995568792791971,0.050443120720802925,0.967456051147869,8.236037116016023
User_729,Chevy Bolt,75.0,Station_75,Los Angeles,2024-01-31 08:00:00,2024-01-31 11:23:00,28.248510232660248,2.573551148931767,16.52212514810843,Morning,Monday,53.82003673204953,67.23316373441783,149.00427080858486,16.694086243987016,6.0,Level 1,Casual Driver,3.3833333333333333,2.573551148931767,0.8097821844015662,0.7606555119995371,10.976471263990877
User_730,Tesla Model 3,62.0,Station_42,New York,2024-01-31 09:00:00,2024-01-31 12:33:00,53.18988765045248,1.901457614097896,36.92869645022542,Night,Sunday,59.10391672336647,95.23017417720116,166.98175067619556,37.39510914830552,7.0,Level 1,Casual Driver,3.55,1.901457614097896,1.6485423859021038,0.5356218631261679,27.973217628459853
User_731,Hyundai Kona,62.0,Station_422,Los Angeles,2024-01-31 10:00:00,2024-01-31 13:21:00,63.97196694472084,1.9815097094694272,10.340106053576346,Morning,Saturday,54.84308704413998,99.1304953506278,90.79486285484404,9.192514759905432,0.6898866541271644,DC Fast Charger,Commuter,3.35,1.9815097094694272,1.368490290530573,0.5914954356625156,32.284457976161065
User_733,BMW i3,75.0,Station_181,New York,2024-01-31 12:00:00,2024-01-31 15:06:00,51.16176878981536,1.924572535667712,35.91280515720252,Afternoon,Friday,40.35911245487125,79.59600701886347,258.28967829086355,31.563179987120684,11.688592472503668,DC Fast Charger,Casual Driver,3.1,1.924572535667712,1.1754274643322882,0.6208298502153909,26.58344533222037
User_734,Nissan Leaf,75.0,Station_33,Houston,2024-01-31 13:00:00,2024-01-31 16:39:00,68.24465321163233,3.375570509411532,33.36036096937211,Evening,Wednesday,57.90799490448934,88.30938417267018,276.3925880192631,14.826203728258427,2.0,Level 1,Long-Distance Traveler,3.65,3.375570509411532,0.2744294905884681,0.9248138381949402,20.2172204732081
User_735,Tesla Model 3,62.0,Station_71,New York,2024-01-31 14:00:00,2024-01-31 15:21:00,70.3848328268497,1.0466206565434557,25.437143248981023,Evening,Monday,32.45935623541265,75.45762691513535,302.85248972263145,-6.497175362510335,6.0,DC Fast Charger,Long-Distance Traveler,1.35,1.0466206565434557,0.3033793434565444,0.7752745604025597,67.24961177366876
User_736,Nissan Leaf,75.0,Station_56,San Francisco,2024-01-31 15:00:00,2024-01-31 18:31:00,56.55292752021,2.6210352581150014,38.84657688665273,Night,Saturday,29.26035318542457,88.25311988557496,12.024294092276849,10.511561681861266,6.0,Level 2,Long-Distance Traveler,3.5166666666666666,2.6210352581150014,0.8956314085516652,0.7453180828763037,21.57656114892624
User_740,Hyundai Kona,62.0,Station_256,Los Angeles,2024-01-31 19:00:00,2024-01-31 20:35:00,10.137709442892056,1.582369811687995,26.554263704807763,Evening,Tuesday,34.89212626163041,99.87119867405448,217.59663464578475,40.81674037559839,1.0,Level 1,Commuter,1.5833333333333333,1.582369811687995,0.0009635216453383055,0.9993914600134706,6.406662569022119
User_744,Hyundai Kona,94.20058699032565,Station_377,Los Angeles,2024-01-31 23:00:00,2024-02-01 00:41:00,9.127828166953716,0.9931487332559414,8.658388335703481,Morning,Thursday,54.35077646652079,51.270037949732725,191.1482271152946,6.722193793554503,2.0,Level 1,Commuter,1.6833333333333333,0.9931487332559414,0.6901846000773919,0.5899893464886781,9.190796767196208
User_751,BMW i3,75.0,Station_182,Houston,2024-02-01 06:00:00,2024-02-01 08:42:00,74.107522176834,2.2246614839968157,14.75800919301738,Evening,Wednesday,72.90390528618417,51.69102215864916,177.20888715663634,3.262503247831619,3.0,Level 2,Casual Driver,2.7,2.2246614839968157,0.47533851600318444,0.8239486977765984,33.31181966781426
User_757,Hyundai Kona,75.0,Station_402,New York,2024-02-01 12:00:00,2024-02-01 15:25:00,73.86936259559798,1.1968001428584762,5.64405441380632,Morning,Friday,80.69801215627292,88.20526202858028,180.45460214898844,21.29459053287136,4.0,Level 2,Long-Distance Traveler,3.4166666666666665,1.1968001428584762,2.2198665238081903,0.35028296864150527,61.722387849291195
User_758,Nissan Leaf,50.0,Station_336,Houston,2024-02-01 13:00:00,2024-02-01 15:25:00,64.37713244013099,2.3148600166084794,8.811798668810745,Afternoon,Monday,15.586956248765569,98.80776450626408,199.75840075880325,25.40739975553059,3.0,Level 2,Long-Distance Traveler,2.4166666666666665,2.3148600166084794,0.10180665005818712,0.9578731103207502,27.810378156019326
User_759,Hyundai Kona,50.0,Station_488,Los Angeles,2024-02-01 14:00:00,2024-02-01 15:30:00,12.010095267833266,0.7529595951441994,35.09170481062701,Night,Wednesday,41.65702959664234,83.15672197368188,133.4464694872657,23.94913864573946,5.0,DC Fast Charger,Commuter,1.5,0.7529595951441994,0.7470404048558006,0.5019730634294662,15.950517591230392
User_761,Chevy Bolt,100.0,Station_281,Chicago,2024-02-01 16:00:00,2024-02-01 19:42:00,28.84698737447133,3.2937133901037967,10.430875448005471,Morning,Sunday,41.58622013245012,89.99519636379434,298.6313760489738,-0.4641229060086598,4.0,Level 2,Long-Distance Traveler,3.7,3.2937133901037967,0.40628660989620347,0.8901928081361612,8.758195980604814
User_762,Chevy Bolt,85.0,Station_215,New York,2024-02-01 17:00:00,2024-02-01 19:59:00,76.58011323732995,2.678096541095572,21.316853183296477,Morning,Tuesday,31.36258701771961,93.5634261410211,233.21205778242185,14.086676394609956,1.0,Level 2,Long-Distance Traveler,2.9833333333333334,2.678096541095572,0.30523679223776146,0.8976859914286833,28.594978583558493
User_763,Hyundai Kona,50.0,Station_460,New York,2024-02-01 18:00:00,2024-02-01 20:40:00,74.13419248313946,2.1863746739496914,11.349215040076666,Evening,Sunday,71.90426649979851,99.36473574981306,151.0657029904892,18.23757818141412,6.0,Level 1,Long-Distance Traveler,2.6666666666666665,2.1863746739496914,0.4802919927169751,0.8198905027311343,33.90735968836295
User_768,Hyundai Kona,62.0,Station_9,New York,2024-02-01 23:00:00,2024-02-02 02:59:00,48.330182762063146,2.1541462302194883,15.3036967301966,Morning,Wednesday,56.27459504161595,65.98703032632432,229.18283499002163,18.03247339232625,4.0,Level 1,Commuter,3.9833333333333334,2.1541462302194883,1.8291871031138451,0.5407898485906665,22.435887631054058
User_769,Hyundai Kona,75.0,Station_61,Chicago,2024-02-02 00:00:00,2024-02-02 02:14:00,53.71493232990424,1.692367291395563,30.143667136126503,Night,Saturday,15.899923907667324,58.16877869760515,154.34561667139718,-6.369328431579798,7.0,Level 1,Commuter,2.2333333333333334,1.692367291395563,0.5409660419377704,0.7577763991323416,31.739524040085726
User_770,Tesla Model 3,75.0,Station_309,Houston,2024-02-02 01:00:00,2024-02-02 02:51:00,15.5583755009174,0.7554430886481931,28.836485666134458,Morning,Monday,83.20214244739164,61.22134406044192,243.8284443691261,25.900154834299123,1.0,Level 2,Casual Driver,1.85,0.7554430886481931,1.094556911351807,0.40834761548550974,20.595033212571852
User_774,Nissan Leaf,100.0,Station_63,New York,2024-02-02 05:00:00,2024-02-02 07:20:00,5.755335112421237,1.5886586191295695,25.17200545435595,Afternoon,Sunday,65.91461014762105,52.23791778918249,18.710965795562217,11.11428022329816,3.0,Level 1,Long-Distance Traveler,2.3333333333333335,1.5886586191295695,0.744674714203764,0.6808536939126726,3.622763911087834
User_778,Hyundai Kona,50.0,Station_462,Los Angeles,2024-02-02 09:00:00,2024-02-02 12:52:00,19.97640696261344,2.287342908527985,22.64215189393975,Morning,Monday,73.2949349787491,58.58041748737381,299.46404753595044,14.434227239434549,2.0,DC Fast Charger,Casual Driver,3.8666666666666667,2.287342908527985,1.5793237581386816,0.5915542004813754,8.73345526293179
User_781,Nissan Leaf,64.77070141320091,Station_425,New York,2024-02-02 12:00:00,2024-02-02 13:40:00,15.567795776598764,1.2220213527532722,18.54969564281367,Morning,Thursday,54.12444090003636,58.52857766030961,31.59653167187535,35.69778871943199,6.0,Level 1,Commuter,1.6666666666666667,1.2220213527532722,0.44464531391339457,0.7332128116519633,12.73938114217381
User_782,Tesla Model 3,50.0,Station_255,Los Angeles,2024-02-02 13:00:00,2024-02-02 14:52:00,36.63162352131471,0.9743935458179288,31.163091386162726,Morning,Monday,35.9754285280013,56.839656732416486,59.09663915051596,-1.759567562648181,5.0,Level 1,Casual Driver,1.8666666666666667,0.9743935458179288,0.8922731208487379,0.5219965424024618,37.59427972253784
User_788,BMW i3,62.0,Station_336,Chicago,2024-02-02 19:00:00,2024-02-02 21:10:00,25.12116466546159,1.010506969032026,14.440838232748982,Night,Saturday,58.39027846003522,93.64930681962036,272.2871845279422,-6.052887853779801,3.0,DC Fast Charger,Commuter,2.1666666666666665,1.010506969032026,1.1561596976346404,0.46638783186093513,24.859961816518084
User_789,Tesla Model 3,85.0,Station_76,Los Angeles,2024-02-02 20:00:00,2024-02-02 22:28:00,67.90283934003946,0.835318745254099,25.57013991901464,Evening,Saturday,45.58232565725287,87.80206968570528,120.3675121015226,25.58518972726768,1.0,Level 1,Long-Distance Traveler,2.466666666666667,0.835318745254099,1.631347921412568,0.33864273456247257,81.28973487765299
User_791,Chevy Bolt,62.0,Station_69,San Francisco,2024-02-02 22:00:00,2024-02-03 01:07:00,62.61550758556181,1.815045399718526,16.78765405444762,Evening,Saturday,84.03426141510538,92.43627852480974,209.62662184057555,21.45363164308853,3.0,Level 2,Commuter,3.1166666666666667,1.815045399718526,1.3016212669481406,0.5823675079310778,34.49803933018541
User_793,BMW i3,100.0,Station_234,San Francisco,2024-02-03 00:00:00,2024-02-03 03:14:00,31.187028992431237,1.860443342393109,17.263731698642403,Afternoon,Thursday,69.85875931465557,23.54849230392773,18.845805451601464,28.333515050512403,6.0,Level 2,Commuter,3.2333333333333334,1.860443342393109,1.3728899909402243,0.5753948481628173,16.763224271218608
User_794,Nissan Leaf,75.0,Station_1,Chicago,2024-02-03 01:00:00,2024-02-03 03:40:00,74.82644569097782,1.398582211214841,26.21871803779052,Evening,Sunday,23.72599550105088,53.81369932194329,238.7435606565687,30.955968944199924,3.043569798496577,Level 2,Long-Distance Traveler,2.6666666666666665,1.398582211214841,1.2680844554518256,0.5244683292055654,53.50164265708902
User_796,Nissan Leaf,75.0,Station_352,Los Angeles,2024-02-03 03:00:00,2024-02-03 05:31:00,78.89524910756762,1.225895512401978,7.260289753798142,Morning,Sunday,62.08764645327136,80.77137881661801,73.61394811694834,16.52085958055578,4.0,Level 2,Long-Distance Traveler,2.5166666666666666,1.225895512401978,1.2907711542646887,0.487110799629925,64.35723787990949
User_798,Nissan Leaf,85.0,Station_273,Los Angeles,2024-02-03 05:00:00,2024-02-03 08:16:00,5.144893571862889,1.996622706047104,21.48947597489341,Evening,Monday,83.6689673557004,80.51886311775269,66.52104688309612,8.64069859605198,0.0,DC Fast Charger,Long-Distance Traveler,3.2666666666666666,1.996622706047104,1.2700439606195626,0.6112110324633993,2.5767980882320547
User_803,BMW i3,50.0,Station_419,Los Angeles,2024-02-03 10:00:00,2024-02-03 12:53:00,42.79819075847415,2.3427113663379946,12.776621167290523,Morning,Friday,67.94619206512169,57.870204114268205,17.760082882891425,12.918301551871778,3.0,Level 2,Commuter,2.8833333333333333,2.3427113663379946,0.5406219669953387,0.8125010519091311,18.268657152320934
User_806,Nissan Leaf,62.0,Station_246,Chicago,2024-02-03 13:00:00,2024-02-03 16:05:00,0.1211432950427712,1.4556359151018663,37.710554849589386,Evening,Friday,86.31048768785503,77.19881289799206,66.3639561403343,30.187852800687992,2.0,Level 1,Commuter,3.0833333333333335,1.4556359151018663,1.6276974182314672,0.4720981346276323,0.08322362328789717
User_807,Chevy Bolt,62.0,Station_423,San Francisco,2024-02-03 14:00:00,2024-02-03 17:04:00,10.9113557932088,1.9845446319165596,15.135226707550656,Evening,Monday,85.04682076129231,65.3913894629667,256.5969178469621,31.632811318986636,5.0,Level 1,Commuter,3.066666666666667,1.9845446319165596,1.0821220347501073,0.6471341191032259,5.4981659861543335
User_811,BMW i3,85.0,Station_294,Chicago,2024-02-03 18:00:00,2024-02-03 21:58:00,77.8613161281733,0.7065366457805022,37.13040463379047,Evening,Saturday,63.10434295286288,66.61241345662742,20.65567779666782,0.7865344167262283,0.0,Level 1,Long-Distance Traveler,3.966666666666667,0.7065366457805022,3.2601300208861645,0.17811848212953837,110.20138388173889
User_814,Tesla Model 3,50.0,Station_132,San Francisco,2024-02-03 21:00:00,2024-02-04 00:42:00,9.086246707562893,2.010057473078036,16.94513541759885,Morning,Wednesday,50.005700053904,64.8118366437775,278.4282293628509,-8.983604992720508,5.0,Level 2,Long-Distance Traveler,3.7,2.010057473078036,1.6899425269219641,0.5432587765075773,4.520391495895371
User_819,Hyundai Kona,100.0,Station_199,San Francisco,2024-02-04 02:00:00,2024-02-04 04:50:00,71.16250433532748,1.2026073220933535,23.70127504553797,Afternoon,Thursday,48.963543957597054,92.57237250489908,287.06397976246177,3.706865682142661,3.7340553096703446,Level 1,Casual Driver,2.8333333333333335,1.2026073220933535,1.63072601123998,0.4244496430917718,59.17351659846574
User_820,BMW i3,85.0,Station_215,Los Angeles,2024-02-04 03:00:00,2024-02-04 06:17:00,16.111111317085957,1.0610271583729003,25.799390711053075,Afternoon,Wednesday,67.71925020552159,53.72387415945178,75.49880921364911,-7.663751387811887,4.0,Level 2,Long-Distance Traveler,3.283333333333333,1.0610271583729003,2.222306174960433,0.3231554797074823,15.184447626951007
User_823,Nissan Leaf,100.0,Station_472,Chicago,2024-02-04 06:00:00,2024-02-04 09:56:00,31.888072339650037,1.388571419069791,21.14919718434809,Evening,Sunday,23.174795172887475,56.489990040667,124.72108285311188,15.848155124176898,4.0,Level 2,Commuter,3.933333333333333,1.388571419069791,2.544761914263542,0.35302663196689604,22.964661307095007
User_824,Chevy Bolt,50.0,Station_232,Chicago,2024-02-04 07:00:00,2024-02-04 10:20:00,64.04377270020223,0.5304193228924319,38.26495023705481,Night,Wednesday,10.960410669496534,99.4443785794044,200.64279131343625,29.876089552488345,0.0,Level 2,Long-Distance Traveler,3.3333333333333335,0.5304193228924319,2.802914010440902,0.15912579686772957,120.74177907200827
User_827,Nissan Leaf,100.0,Station_479,San Francisco,2024-02-04 10:00:00,2024-02-04 13:45:00,72.79850067918807,3.6753647417642448,19.06124363256488,Evening,Wednesday,85.32324000436734,90.16605635118688,172.5314754441898,24.182121524307966,5.0,Level 2,Casual Driver,3.75,3.6753647417642448,0.07463525823575523,0.9800972644704653,19.807149982138483
User_828,BMW i3,85.0,Station_239,Los Angeles,2024-02-04 11:00:00,2024-02-04 14:10:00,67.88757428323595,1.945335136351206,9.410223532178584,Night,Monday,32.61214548046976,58.444104327586665,249.5432916448901,16.005488635856537,3.0,Level 2,Long-Distance Traveler,3.1666666666666665,1.945335136351206,1.2213315303154606,0.6143163588477493,34.89762407241057
User_829,Nissan Leaf,75.0,Station_415,San Francisco,2024-02-04 12:00:00,2024-02-04 15:01:00,41.24835865229704,2.82761116595746,34.56122689160816,Night,Friday,18.35214738423309,50.601029508862496,154.34561667139718,3.221734497771365,5.0,DC Fast Charger,Casual Driver,3.0166666666666666,2.82761116595746,0.18905550070920674,0.9373296682731911,14.587705392063658
User_830,Tesla Model 3,100.0,Station_367,San Francisco,2024-02-04 13:00:00,2024-02-04 16:13:00,35.024111186545994,0.9186724236081418,8.51502670076438,Evening,Saturday,15.989490353813975,91.81341991459188,120.73231381977114,14.619838264589935,4.7894567048392,Level 1,Long-Distance Traveler,3.216666666666667,0.9186724236081418,2.297994243058525,0.2855976446450182,38.124700694711905
User_831,BMW i3,100.0,Station_168,Chicago,2024-02-04 14:00:00,2024-02-04 16:37:00,54.91320565679101,2.0404564639583023,32.21803368412769,Evening,Friday,40.234728507604245,86.30040219514237,57.95464278230427,2.765501689562982,1.0,DC Fast Charger,Casual Driver,2.6166666666666667,2.0404564639583023,0.5762102027083644,0.7797922792197334,26.9122162745214
User_835,Hyundai Kona,62.0,Station_98,San Francisco,2024-02-04 18:00:00,2024-02-04 20:57:00,42.222770261485735,2.3234458987794024,22.332105309786243,Morning,Tuesday,79.82181804427366,51.08444284381447,258.22098538444334,18.580192528884,1.0,DC Fast Charger,Long-Distance Traveler,2.95,2.3234458987794024,0.6265541012205977,0.787608779247255,18.172478336451483
User_836,BMW i3,140.7620615787216,Station_439,Houston,2024-02-04 19:00:00,2024-02-04 21:18:00,60.08034819074353,2.0783051276167948,17.111067835808612,Night,Tuesday,37.69074850745198,93.80110629341414,221.89677790062672,-10.724769747493202,6.0,DC Fast Charger,Long-Distance Traveler,2.3,2.0783051276167948,0.22169487238320507,0.9036109250507804,28.908338526613765
User_838,Nissan Leaf,50.0,Station_177,Los Angeles,2024-02-04 21:00:00,2024-02-05 00:52:00,58.55989952016146,2.339015100635245,9.835438648338712,Morning,Sunday,52.127874413345054,62.52119439261202,70.4012897330798,-2.2756894738646225,7.0,Level 2,Commuter,3.8666666666666667,2.339015100635245,1.5276515660314218,0.6049176984401495,25.036135724073514
User_839,Chevy Bolt,75.0,Station_380,Los Angeles,2024-02-04 22:00:00,2024-02-05 00:49:00,18.529060697578466,2.336419694967444,18.266059157609316,Evening,Thursday,49.89280166549236,52.1070778523994,187.58147365293516,38.79052519670133,1.0,Level 1,Long-Distance Traveler,2.816666666666667,2.336419694967444,0.48024697169922304,0.8294981165564889,7.930536083687932
User_840,Chevy Bolt,75.0,Station_474,San Francisco,2024-02-04 23:00:00,2024-02-05 02:39:00,20.026313858630445,1.826933687468276,28.408615788605804,Night,Wednesday,20.45340920756221,35.9740790187295,190.8004696386405,25.25712194742985,4.0,Level 2,Commuter,3.65,1.826933687468276,1.823066312531724,0.5005297773885687,10.961708132046361
User_841,Hyundai Kona,75.0,Station_80,New York,2024-02-05 00:00:00,2024-02-05 02:55:00,61.12076151907815,0.8631229860137307,29.08311230670429,Evening,Tuesday,68.06172182116148,73.8683676923296,95.80916358830729,1.5205785309510986,7.0,Level 1,Long-Distance Traveler,2.9166666666666665,0.8631229860137307,2.0535436806529357,0.2959278809189934,70.81350225807314
User_844,Tesla Model 3,50.0,Station_461,Chicago,2024-02-05 03:00:00,2024-02-05 04:53:00,35.84392988591518,0.5841349456705043,9.078226155198172,Evening,Sunday,22.809563778884243,94.52158774685414,219.1032925273127,-9.079100594239849,6.808033448075264,Level 1,Commuter,1.8833333333333333,0.5841349456705043,1.299198387662829,0.3101601481436306,61.362413174530104
User_851,Chevy Bolt,62.0,Station_492,Houston,2024-02-05 10:00:00,2024-02-05 13:50:00,22.572882450288343,2.96014748988195,22.224804227965933,Night,Saturday,51.55000841686424,74.1444021005201,49.07601045956073,24.4117939298946,0.0,Level 1,Commuter,3.8333333333333335,2.96014748988195,0.8731858434513833,0.7722123886648565,7.625593835254656
User_854,Nissan Leaf,85.0,Station_195,San Francisco,2024-02-05 13:00:00,2024-02-05 16:39:00,76.44990710737748,2.272736336714355,11.346111662873582,Evening,Wednesday,18.761399355388733,62.33419326937786,42.6202888880497,32.60796419574568,3.0,DC Fast Charger,Long-Distance Traveler,3.65,2.272736336714355,1.3772636632856448,0.6226674895107822,33.637824974409234
User_856,BMW i3,100.0,Station_369,Chicago,2024-02-05 15:00:00,2024-02-05 17:08:00,55.78259572680235,1.27970949093876,8.048298781340923,Night,Wednesday,50.33758928795222,86.23333848335864,50.905417887353146,15.806771803246086,1.0,Level 1,Casual Driver,2.1333333333333333,1.27970949093876,0.8536238423945732,0.5998638238775438,43.590046117327574
User_858,BMW i3,73.85002716229796,Station_114,Chicago,2024-02-05 17:00:00,2024-02-05 19:05:00,37.05562159282365,1.6833729720021182,38.645308239932085,Evening,Saturday,34.2183195177556,63.34809700506103,23.61819796352825,5.664612657982779,7.0,Level 2,Long-Distance Traveler,2.0833333333333335,1.6833729720021182,0.39996036133121526,0.8080190265610167,22.01272220068472
User_859,Tesla Model 3,50.0,Station_242,Los Angeles,2024-02-05 18:00:00,2024-02-05 21:26:00,40.271295219742754,2.7769424258428383,14.402442656017609,Night,Tuesday,25.041372284286226,19.571800307123823,202.21393040238056,7.701936714946803,3.0,DC Fast Charger,Long-Distance Traveler,3.433333333333333,2.7769424258428383,0.6563909074904948,0.8088181822843219,14.50202742590887
User_860,Chevy Bolt,75.0,Station_124,Houston,2024-02-05 19:00:00,2024-02-05 19:43:00,44.76974192287614,0.640695419402568,29.60976805245256,Evening,Saturday,64.11014685239297,90.55214709137564,168.5338077245869,24.258156107045014,2.0,Level 2,Commuter,0.7166666666666667,0.640695419402568,0.07597124726409865,0.8939936084686996,69.87679413194927
User_862,Nissan Leaf,53.97365865790932,Station_76,Chicago,2024-02-05 21:00:00,2024-02-06 00:58:00,65.12042574597822,2.426058377025857,14.956140552953626,Morning,Friday,10.427706320315131,107.09396797433892,256.20769311899585,16.403827328389546,7.0,DC Fast Charger,Commuter,3.966666666666667,2.426058377025857,1.5406082896408098,0.611611355552737,26.84206874931442
User_864,Nissan Leaf,85.0,Station_469,New York,2024-02-05 23:00:00,2024-02-06 02:36:00,5.01388964715821,1.0123391282300591,24.114408332912703,Morning,Tuesday,12.62370186996878,93.11447872975644,139.93870040625902,1.6027160845373398,1.0,DC Fast Charger,Long-Distance Traveler,3.6,1.0123391282300591,2.587660871769941,0.28120531339723864,4.952776700357648
User_865,Chevy Bolt,85.0,Station_312,New York,2024-02-06 00:00:00,2024-02-06 01:41:00,49.9789258332708,1.436500394823773,34.37326518398169,Afternoon,Friday,60.07923726088285,76.74284348323063,154.34561667139718,2.010076292697491,3.0,DC Fast Charger,Long-Distance Traveler,1.6833333333333333,1.436500394823773,0.24683293850956045,0.8533665711824393,34.79214207901566
User_867,BMW i3,62.0,Station_351,San Francisco,2024-02-06 02:00:00,2024-02-06 04:42:00,74.93688348332599,1.5045108692821951,38.3026474212306,Afternoon,Friday,58.89235921810404,55.65778913768597,21.99550223759907,27.27523923582613,4.0,Level 2,Casual Driver,2.7,1.5045108692821951,1.195489130717805,0.5572262478822945,49.80813699210994
User_868,Hyundai Kona,75.0,Station_44,Houston,2024-02-06 03:00:00,2024-02-06 05:14:00,40.257196883863706,1.4415487593554557,18.66412192940177,Afternoon,Friday,28.841329486807112,85.27530270966454,61.05376918138752,31.602356878363917,6.0,Level 2,Long-Distance Traveler,2.2333333333333334,1.4415487593554557,0.7917845739778777,0.6454695937412488,27.926351170988816
User_869,Nissan Leaf,62.0,Station_415,Houston,2024-02-06 04:00:00,2024-02-06 06:56:00,51.20288962549678,1.4470566363634036,39.19681508089824,Afternoon,Friday,75.55734011955374,56.56750423592851,129.48975674563343,15.648404225046924,0.0,DC Fast Charger,Commuter,2.933333333333333,1.4470566363634036,1.4862766969699295,0.4933147623966149,35.38416419842053
User_872,BMW i3,100.0,Station_246,New York,2024-02-06 07:00:00,2024-02-06 09:27:00,55.655332785147046,1.6789749892738182,31.644249842874565,Evening,Friday,11.012541616949,59.81651119957803,179.43171434764614,16.052798431611368,2.0,Level 1,Long-Distance Traveler,2.45,1.6789749892738182,0.771025010726182,0.6852959139893134,33.14839895811599
User_874,BMW i3,85.0,Station_84,New York,2024-02-06 09:00:00,2024-02-06 12:27:00,72.95818104852783,2.917826685071239,20.51806391936266,Afternoon,Sunday,40.21207606713552,62.26959799670035,256.2701112846916,12.987388532512288,3.0,Level 1,Long-Distance Traveler,3.45,2.917826685071239,0.5321733149287611,0.8457468652380403,25.004288781719243
User_875,Tesla Model 3,62.0,Station_207,New York,2024-02-06 10:00:00,2024-02-06 12:53:00,58.11274413766781,2.5722250771422086,36.43538613690158,Morning,Thursday,74.63709318690526,59.827313210903824,293.12024763177186,24.134468954808234,3.0,Level 2,Commuter,2.8833333333333333,2.5722250771422086,0.3111082561911247,0.8921011828238874,22.59240245112305
User_880,Chevy Bolt,62.0,Station_405,Chicago,2024-02-06 15:00:00,2024-02-06 16:59:00,51.08539266561558,0.9497561025934448,7.1813925834427055,Morning,Sunday,44.70187213283778,82.62853909687317,121.43529271974012,16.953094518284065,0.0,DC Fast Charger,Long-Distance Traveler,1.9833333333333334,0.9497561025934448,1.0335772307398887,0.4788686231563587,53.78790673323353
User_881,BMW i3,62.0,Station_463,Chicago,2024-02-06 16:00:00,2024-02-06 19:35:00,36.26259614170952,2.0123601409406984,35.146115866971094,Evening,Friday,58.31902030658071,67.00704755875644,85.38239413894216,-0.4950766029761606,1.0,DC Fast Charger,Commuter,3.5833333333333335,2.0123601409406984,1.570973192392635,0.5615888765415902,18.019933611266122
User_883,Chevy Bolt,62.0,Station_498,Los Angeles,2024-02-06 18:00:00,2024-02-06 20:53:00,68.21934425725472,0.8864503813605564,17.267073791696944,Evening,Tuesday,38.03890271184613,62.46309786457429,221.3783240343404,1.8150805157682728,4.0,Level 1,Casual Driver,2.8833333333333333,0.8864503813605564,1.9968829519727769,0.3074394386221583,76.95788246212854
User_884,Chevy Bolt,100.0,Station_37,Los Angeles,2024-02-06 19:00:00,2024-02-06 22:56:00,57.67538255763964,2.8795712052808087,33.674170165271015,Afternoon,Friday,67.45954159581203,64.97948545666355,124.07864607817878,3.261647704000889,0.0,Level 2,Long-Distance Traveler,3.933333333333333,2.8795712052808087,1.0537621280525244,0.7320943742239344,20.02915658132346
User_886,Nissan Leaf,100.0,Station_403,New York,2024-02-06 21:00:00,2024-02-07 00:24:00,78.16770975170616,2.1284750020420256,37.74488597681351,Evening,Thursday,37.68136593844876,72.0489313914754,214.6210023799617,-4.1366317228707175,1.0,DC Fast Charger,Long-Distance Traveler,3.4,2.1284750020420256,1.2715249979579744,0.6260220594241251,36.72474878808221
User_888,Hyundai Kona,50.0,Station_45,Chicago,2024-02-06 23:00:00,2024-02-07 02:57:00,62.74942109140281,2.0733241040849606,33.00898377565577,Evening,Saturday,102.57582675375237,80.98016602086427,154.34561667139718,8.273267247544666,1.0,Level 2,Commuter,3.95,2.0733241040849606,1.8766758959150396,0.5248921782493571,30.26512881790693
User_890,BMW i3,100.0,Station_206,San Francisco,2024-02-07 01:00:00,2024-02-07 04:01:00,51.737131530843484,1.3552852998469738,16.051864572880966,Evening,Sunday,42.492679191266,93.29904644891742,252.93675896839335,15.612401539347978,3.0,DC Fast Charger,Casual Driver,3.0166666666666666,1.3552852998469738,1.6613813668196928,0.4492658452531405,38.174347155307565
User_892,Hyundai Kona,85.0,Station_420,Los Angeles,2024-02-07 03:00:00,2024-02-07 06:32:00,71.95569072472664,1.6557431785415109,26.30986375777708,Night,Thursday,30.700917810684565,98.23729456819592,263.0610040864517,12.970249709301845,7.0,Level 2,Long-Distance Traveler,3.533333333333333,1.6557431785415109,1.8775901547918223,0.46860655996457856,43.45824380089551
User_893,Nissan Leaf,100.0,Station_356,Houston,2024-02-07 04:00:00,2024-02-07 06:52:00,39.93276466234457,2.7059188482942824,20.716565418626857,Morning,Sunday,43.60824251245972,54.32016802359381,327.39309338387187,8.663582494800384,5.0,DC Fast Charger,Commuter,2.8666666666666667,2.7059188482942824,0.16074781837238428,0.9439251796375404,14.757561812142592
User_894,BMW i3,85.0,Station_468,Los Angeles,2024-02-07 05:00:00,2024-02-07 06:52:00,30.576281983940227,1.0137325257252732,22.33713962964108,Evening,Friday,12.8658870056468,85.47800524874069,260.142973509451,19.092544204723293,6.0,DC Fast Charger,Casual Driver,1.8666666666666667,1.0137325257252732,0.8529341409413935,0.5430709959242535,30.16208043839225
User_895,Tesla Model 3,75.0,Station_308,San Francisco,2024-02-07 06:00:00,2024-02-07 07:41:00,73.60654260034698,1.3757248751243405,25.480781527617165,Afternoon,Sunday,65.81804152135467,65.5549593407624,154.34561667139718,-0.7790336602996408,1.0,DC Fast Charger,Commuter,1.6833333333333333,1.3757248751243405,0.30760845820899285,0.8172623020540637,53.50382473362946
User_896,Hyundai Kona,100.0,Station_19,New York,2024-02-07 07:00:00,2024-02-07 10:11:00,14.10985781803456,0.936721070866911,13.57133390931867,Afternoon,Thursday,38.21620398289632,95.64518241721714,154.34561667139718,25.19276228244422,6.0,Level 1,Long-Distance Traveler,3.183333333333333,0.936721070866911,2.246612262466422,0.2942579280210192,15.06303024119683
User_897,Tesla Model 3,50.0,Station_365,Los Angeles,2024-02-07 08:00:00,2024-02-07 10:39:00,38.957609713355055,2.4309666340833225,10.636616260855636,Evening,Saturday,73.10677228201467,70.33537354858956,77.42028800252723,-0.2312055283323637,6.0,DC Fast Charger,Commuter,2.65,2.4309666340833225,0.21903336591667744,0.917345899654084,16.025563315905128
User_900,Chevy Bolt,100.0,Station_249,New York,2024-02-07 11:00:00,2024-02-07 13:08:00,30.27520935029439,1.7947550160654286,15.670379741260618,Morning,Sunday,89.5689211273288,60.29772795991465,214.47331364964387,31.55436684655272,4.0,Level 2,Commuter,2.1333333333333333,1.7947550160654286,0.33857831726790466,0.8412914137806697,16.868714158362152
User_905,BMW i3,85.0,Station_194,Los Angeles,2024-02-07 16:00:00,2024-02-07 19:40:00,13.089183211513587,0.7499796988190511,26.60432004967749,Evening,Monday,54.2607349729544,53.80469865249152,272.1976953092468,14.51824632185706,4.0,Level 2,Commuter,3.6666666666666665,0.7499796988190511,2.9166869678476153,0.20453991785974124,17.452716696364387
User_906,Nissan Leaf,50.0,Station_325,San Francisco,2024-02-07 17:00:00,2024-02-07 19:26:00,31.102261453118967,0.9938422875012384,19.3632431386136,Evening,Friday,55.59176313362416,99.5051397056067,10.93101298458777,13.781809865463828,0.0,DC Fast Charger,Long-Distance Traveler,2.433333333333333,0.9938422875012384,1.4394910458320949,0.4084283373292761,31.29496686171166
User_908,Chevy Bolt,75.0,Station_266,San Francisco,2024-02-07 19:00:00,2024-02-07 21:02:00,27.694411449808683,1.4021806040177809,7.234004135673027,Morning,Wednesday,27.04373974177269,65.83029628276724,32.83172854820101,19.265184430729654,6.0,Level 2,Casual Driver,2.033333333333333,1.4021806040177809,0.6311527293155523,0.6895970183694005,19.750958878231277
User_910,Nissan Leaf,62.0,Station_42,Houston,2024-02-07 21:00:00,2024-02-07 22:37:00,20.84637781774533,1.4997710475131931,15.767656361659448,Night,Friday,61.833523772810935,85.03607836550964,139.37076700591442,-2.376886289788956,4.0,DC Fast Charger,Long-Distance Traveler,1.6166666666666667,1.4997710475131931,0.11689561915347357,0.9276934314514597,13.899706793454387
User_911,BMW i3,100.0,Station_297,Los Angeles,2024-02-07 22:00:00,2024-02-08 00:37:00,45.61965970987572,0.9138336150419216,36.95058450417622,Night,Saturday,55.564613174233735,94.0011014205332,154.34561667139718,33.50184840988644,6.0,Level 1,Commuter,2.6166666666666667,0.9138336150419216,1.702833051624745,0.349235776449142,49.92118801384095
User_912,Chevy Bolt,58.33515981855699,Station_461,Chicago,2024-02-07 23:00:00,2024-02-08 00:32:00,39.6867657804195,1.4029154025306867,13.117933872178368,Evening,Sunday,37.05047750954196,86.27388445512443,103.75151953046056,4.3384480282762965,6.0,Level 1,Casual Driver,1.5333333333333334,1.4029154025306867,0.13041793080264674,0.9149448277374043,28.28878042740814
User_915,BMW i3,101.02319923832744,Station_378,Los Angeles,2024-02-08 02:00:00,2024-02-08 03:50:00,152.23875799921288,0.7102980502795601,32.58754884880764,Night,Friday,13.795797988804017,58.93209952927897,145.1617040451426,39.54195635879396,5.0,DC Fast Charger,Commuter,1.8333333333333333,0.7102980502795601,1.123035283053773,0.38743530015248734,214.3308121700384
User_916,Hyundai Kona,85.0,Station_394,Chicago,2024-02-08 03:00:00,2024-02-08 05:12:00,60.28854286251064,1.853153432143082,34.58591234655366,Evening,Wednesday,78.95924905423048,69.48237539840879,113.35805771013356,41.891306890445605,4.0,Level 2,Commuter,2.2,1.853153432143082,0.34684656785691814,0.8423424691559463,32.53294725455618
User_917,Chevy Bolt,76.33659054812139,Station_10,Los Angeles,2024-02-08 04:00:00,2024-02-08 07:41:00,16.376371083048106,0.8639844960966747,13.795874560304217,Night,Tuesday,70.55175016871056,76.77538776743103,193.3986937353374,3.32494483529693,0.3556527874409498,Level 1,Commuter,3.683333333333333,0.8639844960966747,2.8193488372366584,0.23456592654208364,18.954473323345013
User_920,BMW i3,75.0,Station_444,Chicago,2024-02-08 07:00:00,2024-02-08 10:56:00,51.89127939896392,1.8541792518952216,13.04850845074449,Night,Saturday,15.751627241160556,57.05048211192729,74.53081530847757,33.35723142905603,3.0,Level 1,Casual Driver,3.933333333333333,1.8541792518952216,2.0791540814381113,0.4714015047191242,27.98611803358495
User_922,Hyundai Kona,75.0,Station_179,Chicago,2024-02-08 09:00:00,2024-02-08 12:43:00,73.62743176033132,0.9623444060505908,27.402114974165823,Afternoon,Monday,25.597117129896727,50.35637514143106,154.34561667139718,19.801343926460056,2.7971650528027068,Level 2,Commuter,3.716666666666667,0.9623444060505908,2.754322260616076,0.2589267460225805,76.50840104375345
User_924,Hyundai Kona,62.0,Station_392,New York,2024-02-08 11:00:00,2024-02-08 13:56:00,69.10595990230438,1.2571513955819476,20.792355014014845,Afternoon,Thursday,20.5692515503208,63.35465060540821,217.30594161275468,41.34107902225962,7.0,DC Fast Charger,Commuter,2.933333333333333,1.2571513955819476,1.6761819377513856,0.4285743394029367,54.97027656745714
User_928,BMW i3,75.0,Station_231,New York,2024-02-08 15:00:00,2024-02-08 18:36:00,39.152310092112536,1.3156156867258408,29.700996116912638,Morning,Thursday,14.671390433943747,60.1161429061504,232.77720198468091,32.05147860509171,4.0,Level 1,Commuter,3.6,1.3156156867258408,2.2843843132741593,0.3654488018682891,29.759686272478618
User_929,Tesla Model 3,75.0,Station_78,Houston,2024-02-08 16:00:00,2024-02-08 16:44:00,37.1185672622842,0.563718560861195,15.122031062185169,Evening,Monday,39.79613148030942,91.68222793303246,18.941504107479027,-0.5426394244535891,5.404853321424032,Level 2,Casual Driver,0.7333333333333333,0.563718560861195,0.1696147724721383,0.7687071284470841,65.84592000231113
User_933,Nissan Leaf,50.0,Station_49,Houston,2024-02-08 20:00:00,2024-02-08 23:37:00,45.6603131979625,2.505972271289247,31.626641565435182,Evening,Wednesday,67.9052419126301,65.23658770368718,168.81408681033815,22.739546013745937,6.0,Level 2,Long-Distance Traveler,3.6166666666666667,2.505972271289247,1.1106943953774198,0.6928955588818194,18.22059793761072
User_936,Tesla Model 3,50.0,Station_69,Los Angeles,2024-02-08 23:00:00,2024-02-09 01:37:00,29.98141610704047,0.6619795782123663,24.37855645878638,Night,Friday,45.77227393548064,71.41642377003204,96.1252348519423,-0.6363455823008923,6.0,Level 2,Casual Driver,2.6166666666666667,0.6619795782123663,1.9546870884543004,0.25298582606842024,45.290545348851055
User_941,Nissan Leaf,50.0,Station_308,Houston,2024-02-09 04:00:00,2024-02-09 07:21:00,58.74152298342496,2.91425796993607,20.60863905916641,Night,Wednesday,19.42640522822153,59.51725759017592,46.37042315883061,-0.0042983103351286,6.0,DC Fast Charger,Long-Distance Traveler,3.35,2.91425796993607,0.4357420300639303,0.8699277522197223,20.15659683851309
User_942,Hyundai Kona,62.0,Station_445,San Francisco,2024-02-09 05:00:00,2024-02-09 07:47:00,68.8333119385666,1.6235470537502177,39.377760333145325,Night,Friday,19.288553588390727,58.56785095073142,137.23497188517604,32.800882837541785,6.0,Level 2,Commuter,2.783333333333333,1.6235470537502177,1.1597862795831155,0.583310318712653,42.39686911418373
User_944,Chevy Bolt,75.0,Station_166,Los Angeles,2024-02-09 07:00:00,2024-02-09 10:59:00,40.85727641136661,2.539533442160372,35.751666949674274,Morning,Tuesday,13.959547122719016,64.56353579175058,33.990276159224905,3.3129340256379187,1.0,DC Fast Charger,Long-Distance Traveler,3.9833333333333334,2.539533442160372,1.4437998911729615,0.6375397762745704,16.088497096777537
User_947,Nissan Leaf,50.0,Station_147,San Francisco,2024-02-09 10:00:00,2024-02-09 11:39:00,17.47337751568118,0.8345780770594409,13.853349796674976,Night,Saturday,64.00404985170908,93.61414444510086,167.68945879128847,9.462508078784246,5.0,Level 2,Commuter,1.65,0.8345780770594409,0.815421922940559,0.5058048951875399,20.936779908294522
User_948,BMW i3,75.0,Station_484,Chicago,2024-02-09 11:00:00,2024-02-09 13:13:00,26.22106760279984,1.1138600482698042,33.15126795019424,Afternoon,Monday,45.5548487819631,63.62752663271483,30.1575860269307,35.50986903982761,0.0,Level 2,Long-Distance Traveler,2.216666666666667,1.1138600482698042,1.1028066183968626,0.5024932548585582,23.540720078370615
User_949,Hyundai Kona,50.0,Station_306,San Francisco,2024-02-09 12:00:00,2024-02-09 15:53:00,70.09733350116187,3.6169290206931297,15.918250321503562,Evening,Thursday,55.56943740686081,60.11586883096487,165.1411875837907,-5.445961361465914,4.794491816502947,Level 2,Casual Driver,3.8833333333333333,3.6169290206931297,0.2664043126402036,0.9313980310797759,19.38034534272635
User_951,BMW i3,62.0,Station_141,Houston,2024-02-09 14:00:00,2024-02-09 17:55:00,33.47231506142258,3.2985827797971496,33.63724165215696,Afternoon,Wednesday,76.46236262295349,81.41249704737655,27.77005155169898,8.656254905347547,6.0,Level 2,Long-Distance Traveler,3.9166666666666665,3.2985827797971496,0.6180838868695169,0.8421913480333149,10.147483721321372
User_952,Chevy Bolt,50.0,Station_334,Los Angeles,2024-02-09 15:00:00,2024-02-09 18:21:00,53.57520170906194,0.8343746327657573,37.02202643795431,Evening,Tuesday,18.334245800640552,83.75053463404171,273.1191120294941,5.569659040875767,0.0,Level 1,Long-Distance Traveler,3.35,0.8343746327657573,2.515625367234243,0.24906705455694247,64.21000783721414
User_953,BMW i3,94.35817416504028,Station_97,Los Angeles,2024-02-09 16:00:00,2024-02-09 18:28:00,11.28842885033608,2.3928429886885234,16.38510149928975,Morning,Thursday,81.4838864423626,83.17300490648739,184.147163551874,23.156295052749957,4.0,Level 1,Long-Distance Traveler,2.466666666666667,2.3928429886885234,0.07382367797814338,0.9700714819007527,4.717580260676893
User_954,Hyundai Kona,85.0,Station_446,San Francisco,2024-02-09 17:00:00,2024-02-09 18:43:00,6.269100759870733,1.081960289337379,11.243078221696017,Afternoon,Wednesday,12.439951171830508,64.03943994628295,195.20100122016925,2.8825596212513496,2.6476551202687344,Level 1,Long-Distance Traveler,1.7166666666666666,1.081960289337379,0.6347063773292876,0.6302681297110946,5.794205962688424
User_959,Chevy Bolt,100.0,Station_378,New York,2024-02-09 22:00:00,2024-02-10 00:44:00,74.18267082528274,1.0668374057648584,22.261768034475413,Morning,Wednesday,76.20017926413267,93.64562570817117,119.34136062711848,26.653568508375912,6.377300138861433,DC Fast Charger,Casual Driver,2.7333333333333334,1.0668374057648584,1.666495927568475,0.3903063679627531,69.53512355718182
User_961,BMW i3,75.0,Station_266,Los Angeles,2024-02-10 00:00:00,2024-02-10 02:14:00,25.32972426052728,1.7427239865770945,16.592928070323723,Night,Friday,17.39679727382058,70.36785122188101,32.91297835998529,6.316303249641685,3.0,Level 2,Commuter,2.2333333333333334,1.7427239865770945,0.4906093467562389,0.7803241730942214,14.534558803128487
User_965,Chevy Bolt,100.0,Station_385,New York,2024-02-10 04:00:00,2024-02-10 07:05:00,63.43204575363278,2.7468779364385645,19.849165227000125,Afternoon,Wednesday,81.91585484648354,90.06007049634754,154.34561667139718,-0.6996883533243974,6.0,DC Fast Charger,Commuter,3.0833333333333335,2.7468779364385645,0.336455396894769,0.8908793307368317,23.092415178766526
User_966,Nissan Leaf,78.20507692637582,Station_71,San Francisco,2024-02-10 05:00:00,2024-02-10 08:07:00,8.259211353059325,0.9277405425487856,14.439526783598932,Evening,Wednesday,65.25148905116008,98.51217259520983,154.34561667139718,-3.200317458207632,4.0,DC Fast Charger,Commuter,3.1166666666666667,0.9277405425487856,2.1889261241178812,0.29767076231511835,8.902501264382343
User_971,BMW i3,50.0,Station_127,San Francisco,2024-02-10 10:00:00,2024-02-10 13:56:00,54.31762293384593,3.678719663093883,34.42250306706244,Evening,Monday,11.573007198070542,82.60183016968261,119.0242607820041,-4.197269059879591,5.0,DC Fast Charger,Long-Distance Traveler,3.933333333333333,3.678719663093883,0.25461367023945014,0.935267710956072,14.765360752758104
User_982,BMW i3,85.0,Station_5,San Francisco,2024-02-10 21:00:00,2024-02-11 00:40:00,63.991170227375775,3.2737059775809283,34.008504654913,Afternoon,Sunday,38.32835573102604,77.07377878168418,191.76655201724884,21.30411003123327,6.0,DC Fast Charger,Commuter,3.6666666666666665,3.2737059775809283,0.3929606890857382,0.8928289029766169,19.547012060826976
User_984,Nissan Leaf,75.0,Station_277,Chicago,2024-02-10 23:00:00,2024-02-11 00:30:00,26.75691987130609,0.1653938787380431,9.580137321363118,Evening,Saturday,66.7905157286936,91.0452914350937,77.15463655728422,23.120492617638803,2.0,Level 1,Long-Distance Traveler,1.5,0.1653938787380431,1.3346061212619569,0.11026258582536207,161.77696584336522
User_989,Chevy Bolt,100.0,Station_93,San Francisco,2024-02-11 04:00:00,2024-02-11 07:35:00,78.13016919490377,3.3707680458935494,9.48731331959088,Evening,Sunday,57.11198523848862,66.24176289035326,115.00281456100863,13.29560813768044,10.634574407416032,Level 1,Casual Driver,3.5833333333333335,3.3707680458935494,0.2125652874397841,0.9406794546679672,23.178743874140537
User_996,Nissan Leaf,75.0,Station_426,Los Angeles,2024-02-11 11:00:00,2024-02-11 14:59:00,38.60563636862258,0.8730910744027252,33.724529270012226,Afternoon,Monday,33.74868999728057,70.86209993313832,223.2968421241796,-2.7810148317137484,5.0,Level 1,Long-Distance Traveler,3.9833333333333334,0.8730910744027252,3.110242258930608,0.2191860437831109,44.21719279976879
User_998,Tesla Model 3,85.0,Station_227,Houston,2024-02-11 13:00:00,2024-02-11 14:59:00,46.61987332807575,1.5627877600816036,16.706821284341984,Morning,Friday,70.09449291993268,59.04290082900266,210.7494443666301,-0.4607568221114935,5.0,DC Fast Charger,Long-Distance Traveler,1.9833333333333334,1.5627877600816036,0.4205455732517298,0.787960215167195,29.83122501909115
User_999,BMW i3,188.634964592257,Station_233,Chicago,2024-02-11 14:00:00,2024-02-11 15:41:00,49.363214910123695,1.226170646797648,25.569816048315246,Afternoon,Saturday,33.053741323794696,53.8698231887537,60.01452138704593,-6.553346941294854,1.0,Level 2,Long-Distance Traveler,1.6833333333333333,1.226170646797648,0.45716268653568526,0.7284182060184048,40.25803018449681
User_1000,Chevy Bolt,100.0,Station_40,New York,2024-02-11 15:00:00,2024-02-11 16:39:00,24.87454059878397,0.9271524671043444,19.970393037401173,Evening,Friday,33.94560873113889,58.13513510158474,60.81189003851615,7.879043434779273,7.0,Level 1,Commuter,1.65,0.9271524671043444,0.7228475328956555,0.5619105861238451,26.82896447061335
User_1003,BMW i3,75.0,Station_127,San Francisco,2024-02-11 18:00:00,2024-02-11 21:00:00,28.215649389656605,2.4068069239659198,26.55168286855564,Afternoon,Tuesday,18.51710428701412,86.57990242690329,293.58197659030856,28.843991321528694,1.0389732985088886,Level 2,Commuter,3.0,2.4068069239659198,0.5931930760340802,0.8022689746553066,11.723270823553662
User_1005,Hyundai Kona,85.0,Station_486,New York,2024-02-11 20:00:00,2024-02-11 21:55:00,76.1733008089697,1.5060998972642905,17.683770820483392,Afternoon,Monday,56.06768463228563,93.03849523640392,369.85352357458913,18.045096071792507,0.0,DC Fast Charger,Casual Driver,1.9166666666666667,1.5060998972642905,0.41056676940237624,0.7857912507465863,50.57652613039306
User_1006,Hyundai Kona,75.0,Station_493,San Francisco,2024-02-11 21:00:00,2024-02-11 22:26:00,34.99715934379533,0.7869547856185278,8.163073829036938,Evening,Monday,68.91614283358405,67.94804573171436,283.04991635004365,36.23500791319978,3.30440809594731,Level 2,Casual Driver,1.4333333333333333,0.7869547856185278,0.6463785477148055,0.5490382225245543,44.47162655766607
User_1007,Nissan Leaf,75.0,Station_55,Chicago,2024-02-11 22:00:00,2024-02-12 00:18:00,26.509679689140484,2.1900500909468525,24.68663674074483,Afternoon,Friday,69.67340887703197,79.50037016517598,14.448391031296484,3.478471588467155,2.0,DC Fast Charger,Casual Driver,2.3,2.1900500909468525,0.10994990905314728,0.9521956917160229,12.104599706977119
User_1009,BMW i3,50.0,Station_436,Houston,2024-02-12 00:00:00,2024-02-12 01:00:00,62.0462303749696,0.9227646505635444,37.54757320064963,Afternoon,Sunday,88.39122579769648,77.93392383324964,43.027865145970566,-0.9664435909539096,5.0,DC Fast Charger,Casual Driver,1.0,0.9227646505635444,0.0772353494364556,0.9227646505635444,67.23949637329211
User_1018,Hyundai Kona,50.0,Station_198,Chicago,2024-02-12 09:00:00,2024-02-12 11:04:00,79.24854612418856,1.7737185188156643,13.89096924040641,Morning,Friday,51.37788920930001,73.60900224029965,252.8396285449158,12.536190169540204,0.8143144920347289,Level 1,Casual Driver,2.066666666666667,1.7737185188156643,0.29294814785100254,0.8582508962011278,44.679324979424514
User_1022,Tesla Model 3,50.0,Station_497,Chicago,2024-02-12 13:00:00,2024-02-12 16:12:00,24.155781563888247,2.3027112101525438,13.896407311553824,Evening,Friday,47.690745477713776,75.97116089477203,289.84699681052945,23.403014534948117,0.0,DC Fast Charger,Commuter,3.2,2.3027112101525438,0.8972887898474564,0.7195972531726699,10.490148073013481
User_1025,Tesla Model 3,85.0,Station_337,San Francisco,2024-02-12 16:00:00,2024-02-12 18:05:00,26.730320039666697,0.6687078471604287,26.764385527290678,Morning,Thursday,83.74328834590922,88.14544588814516,131.3975209739695,-4.604987942538754,1.0,DC Fast Charger,Commuter,2.0833333333333335,0.6687078471604287,1.4146254861729046,0.3209797666370058,39.97309161717354
User_1027,Tesla Model 3,85.0,Station_275,New York,2024-02-12 18:00:00,2024-02-12 20:18:00,1.3302257390094765,1.3380403269013796,11.810863248824097,Evening,Tuesday,86.16287277426302,89.96604740046648,324.5247971919714,-3.943574146378939,0.0,Level 1,Commuter,2.3,1.3380403269013796,0.9619596730986202,0.5817566638701651,0.9941596768536864
User_1028,Nissan Leaf,85.0,Station_211,Houston,2024-02-12 19:00:00,2024-02-12 21:06:00,44.01595165676219,1.3243102972703742,32.935373031196086,Afternoon,Saturday,73.34621767453042,78.15992983033394,78.1193777771749,5.879536154002451,5.0,Level 2,Casual Driver,2.1,1.3243102972703742,0.7756897027296259,0.6306239510811306,33.236886964849894
User_1030,Tesla Model 3,62.0,Station_118,Chicago,2024-02-12 21:00:00,2024-02-13 00:29:00,37.70311871847127,2.734672708146337,24.67286655026255,Evening,Saturday,46.5621884016344,52.45722719775885,274.4585098167528,6.67276641361206,5.0,Level 1,Casual Driver,3.4833333333333334,2.734672708146337,0.7486606251869965,0.7850735047310058,13.787068048822505
User_1031,Hyundai Kona,100.0,Station_191,Los Angeles,2024-02-12 22:00:00,2024-02-12 23:52:00,56.19836617198485,0.182479566999436,19.620836175531693,Morning,Sunday,56.02945617422336,65.41417061782558,39.67918932987936,34.05934132179261,1.0,Level 2,Casual Driver,1.8666666666666667,0.182479566999436,1.6841870996672308,0.09775691089255499,307.9707339077506
User_1032,Nissan Leaf,85.0,Station_42,Chicago,2024-02-12 23:00:00,2024-02-13 02:05:00,73.27597597314914,1.4872108780959543,23.61457791757127,Morning,Monday,78.60317582662809,21.88022093970054,154.34561667139718,31.147743770322947,7.0,Level 2,Long-Distance Traveler,3.0833333333333335,1.4872108780959543,1.5961224552373792,0.48233866316625545,49.270736956256584
User_1034,Chevy Bolt,75.0,Station_315,New York,2024-02-13 01:00:00,2024-02-13 04:41:00,23.92505033099207,1.628740264248428,21.828087774303864,Evening,Wednesday,69.67036362566304,52.63858939356436,219.75471591430932,38.26084883303293,1.0,DC Fast Charger,Commuter,3.683333333333333,1.628740264248428,2.054593069084905,0.44219192694527465,14.689297524078915
User_1035,BMW i3,50.0,Station_276,Chicago,2024-02-13 02:00:00,2024-02-13 03:48:00,50.48944002879003,0.7201439016240072,15.838075793064563,Afternoon,Sunday,65.93591222057864,62.63636323265228,221.59178838790848,29.595187959640768,0.0,Level 1,Commuter,1.8,0.7201439016240072,1.0798560983759928,0.4000799453466707,70.1102097996394
User_1036,Tesla Model 3,60.65969098050447,Station_329,Houston,2024-02-13 03:00:00,2024-02-13 04:47:00,66.09153402649976,1.272887205572356,14.806468044597606,Evening,Tuesday,42.30136723646485,70.72631713302562,167.6635290519136,9.953924428737029,1.719888607934359,Level 2,Casual Driver,1.7833333333333334,1.272887205572356,0.5104461277609775,0.7137685264891714,51.922537784313405
User_1039,Nissan Leaf,85.0,Station_431,Chicago,2024-02-13 06:00:00,2024-02-13 08:35:00,61.03806279047378,1.9937683956108183,35.55107474861104,Afternoon,Tuesday,33.06564163338204,56.79590134724898,95.5285824624064,27.0555281487778,5.0,DC Fast Charger,Casual Driver,2.5833333333333335,1.9937683956108183,0.5895649377225152,0.7717813144299941,30.614419871859756
User_1041,Chevy Bolt,50.0,Station_63,Houston,2024-02-13 08:00:00,2024-02-13 10:43:00,44.88676331081039,2.041257190991683,7.093616314970899,Morning,Tuesday,81.95826163628871,70.54283762212998,184.68996325710148,22.75372165005944,7.0,DC Fast Charger,Long-Distance Traveler,2.716666666666667,2.041257190991683,0.675409475674984,0.751383015088963,21.98976371468581
User_1043,Chevy Bolt,109.79512826818667,Station_100,Houston,2024-02-13 10:00:00,2024-02-13 12:10:00,10.039817806428031,1.3029419693211222,26.59423983035405,Evening,Monday,35.98360523295467,70.68328883636845,81.8210812984393,35.14516183263936,2.0,Level 1,Long-Distance Traveler,2.1666666666666665,1.3029419693211222,0.8637246973455444,0.6013578319943641,7.7054988194594145
User_1045,Chevy Bolt,85.0,Station_17,Houston,2024-02-13 12:00:00,2024-02-13 15:15:00,29.758384839143087,2.1552441827737554,20.065330227901818,Morning,Sunday,10.813905445398316,36.548360117720776,51.20231810325872,-1.3533315020834618,1.0,DC Fast Charger,Casual Driver,3.25,2.1552441827737554,1.0947558172262446,0.6631520562380786,13.807430766774951
User_1047,BMW i3,75.0,Station_423,Los Angeles,2024-02-13 14:00:00,2024-02-13 17:59:00,49.93390136150811,1.108622612726607,28.286481840313257,Night,Sunday,121.84728070504356,52.83474144853121,56.710887715843405,27.009720956480884,2.0,Level 2,Long-Distance Traveler,3.9833333333333334,1.108622612726607,2.8747107206067266,0.2783153002660938,45.04138810473832
User_1049,Chevy Bolt,85.0,Station_373,New York,2024-02-13 16:00:00,2024-02-13 18:34:00,38.409401627820046,2.4975733714164927,19.82676712024444,Night,Wednesday,10.819040206079633,56.53710030512335,154.34561667139718,-3.6133359036523007,2.0,Level 1,Casual Driver,2.566666666666667,2.4975733714164927,0.06909329525017416,0.9730805343181139,15.378687996675847
User_1050,Tesla Model 3,100.0,Station_246,Houston,2024-02-13 17:00:00,2024-02-13 20:28:00,8.234584116412151,0.9049933799223272,8.682242514755576,Morning,Sunday,23.358908235399383,97.6615848182109,298.7188568370856,38.56896076290053,3.0,Level 2,Commuter,3.466666666666667,0.9049933799223272,2.5616732867443397,0.2610557826699021,9.099054533546864
User_1052,Hyundai Kona,62.0,Station_455,Chicago,2024-02-13 19:00:00,2024-02-13 21:32:00,57.92746599973164,1.7154703220669447,31.536143283440506,Evening,Sunday,67.64590144479743,78.30737956703821,59.42702468141112,34.657418150777715,5.0,Level 2,Commuter,2.533333333333333,1.7154703220669447,0.8178630112663885,0.6771593376580045,33.76768764494608
User_1054,Tesla Model 3,50.0,Station_39,Los Angeles,2024-02-13 21:00:00,2024-02-14 00:33:00,9.98078152795496,1.8536958220858872,21.09500367109096,Night,Monday,35.85159555483042,67.58411098713819,30.432545899504376,37.805048131823085,5.0,Level 1,Casual Driver,3.55,1.8536958220858872,1.6963041779141126,0.5221678372072922,5.384260680225302
User_1055,Hyundai Kona,62.0,Station_36,New York,2024-02-13 22:00:00,2024-02-14 01:36:00,29.05244637809921,2.947798348838419,7.677142063894619,Night,Sunday,25.8453357096222,90.97337817944654,195.62085810127488,-1.9739257222116076,4.0,Level 2,Commuter,3.6,2.947798348838419,0.6522016511615809,0.8188328746773387,9.855642394788413
User_1056,Chevy Bolt,75.0,Station_424,New York,2024-02-13 23:00:00,2024-02-14 02:47:00,42.09423335073603,1.0017255391880249,3.668584745886362,Morning,Monday,51.67969007886535,95.81112960148884,103.27998683951782,30.72225711480281,0.0,DC Fast Charger,Commuter,3.783333333333333,1.0017255391880249,2.7816077941453083,0.2647732702699625,42.02172322057061
User_1057,Nissan Leaf,75.0,Station_429,New York,2024-02-14 00:00:00,2024-02-14 01:47:00,45.76954763488772,0.9570522514645856,14.023337495543403,Evening,Sunday,30.740858260175507,81.8451096406268,154.34561667139718,1.26095069186752,4.0,Level 2,Long-Distance Traveler,1.7833333333333334,0.9570522514645856,0.8262810818687478,0.5366648139053751,47.823457459972715
User_1058,BMW i3,75.0,Station_388,San Francisco,2024-02-14 01:00:00,2024-02-14 03:01:00,53.71328701264429,0.8914608032917152,29.02733720852322,Afternoon,Tuesday,49.92314428758909,56.18148263027092,36.42403856619721,23.76365989768123,4.0,Level 2,Commuter,2.0166666666666666,0.8914608032917152,1.1252058633749513,0.4420466793182059,60.25311131382132
User_1059,Nissan Leaf,55.816693759861394,Station_486,San Francisco,2024-02-14 02:00:00,2024-02-14 05:35:00,66.40550756937826,3.0266926899756235,35.47430757896538,Evening,Thursday,15.557362352976847,78.8499962834668,61.611894029864615,33.78521651446477,0.0,Level 2,Casual Driver,3.5833333333333335,3.0266926899756235,0.55664064335771,0.8446584251094763,21.939957032741596
User_1063,BMW i3,62.0,Station_204,New York,2024-02-14 06:00:00,2024-02-14 07:45:00,28.253031404856078,0.90863538505303,12.172430146237945,Evening,Wednesday,77.23373540326355,82.60953925656403,151.41293241570327,1.9407538506589648,4.023079648703627,Level 2,Commuter,1.75,0.90863538505303,0.84136461494697,0.5192202200303029,31.09391497361416
User_1064,Tesla Model 3,100.0,Station_196,New York,2024-02-14 07:00:00,2024-02-14 08:20:00,39.48883106753241,0.8584585118721564,27.767499457987917,Morning,Monday,26.685522266314265,90.02467732975637,250.81226353673236,35.74915475913812,7.0,Level 2,Commuter,1.3333333333333333,0.8584585118721564,0.4748748214611769,0.6438438839041173,45.99969657405316
User_1065,Tesla Model 3,75.0,Station_216,New York,2024-02-14 08:00:00,2024-02-14 08:48:00,25.36585765013293,0.5600185390642642,7.143473729302274,Morning,Friday,22.474567704641608,72.9195428099425,154.34561667139718,24.906088984658915,6.0,Level 1,Casual Driver,0.8,0.5600185390642642,0.2399814609357358,0.7000231738303303,45.294674873651104
User_1066,BMW i3,62.0,Station_285,San Francisco,2024-02-14 09:00:00,2024-02-14 11:58:00,69.21096127147155,2.286994123653503,5.550899028707405,Night,Saturday,27.76605599551436,55.46322428105755,66.20030823829111,11.888933956267842,5.0,Level 1,Casual Driver,2.966666666666667,2.286994123653503,0.6796725430131638,0.7708968956135402,30.26285050566992
User_1069,Tesla Model 3,62.0,Station_307,Los Angeles,2024-02-14 12:00:00,2024-02-14 12:55:00,21.871253290777545,0.5720001264069344,25.987276865216,Evening,Sunday,44.919466155459816,53.746604292730986,296.5755522560761,33.404773441516134,1.0,Level 1,Commuter,0.9166666666666666,0.5720001264069344,0.3446665402597322,0.624000137898474,38.236448352142176
User_1072,Chevy Bolt,82.66681120678558,Station_325,Houston,2024-02-14 15:00:00,2024-02-14 17:29:00,18.79049305407434,1.639131350863248,39.51619105279963,Evening,Monday,41.7717522015893,67.06652608674831,154.34561667139718,-2.736637603643607,3.0,Level 2,Long-Distance Traveler,2.4833333333333334,1.639131350863248,0.8442019824700855,0.6600528929650663,11.463689620833824
User_1073,Chevy Bolt,100.0,Station_146,Chicago,2024-02-14 16:00:00,2024-02-14 17:51:00,47.28525433337332,0.658087147741172,11.966554865177477,Night,Wednesday,64.56614544409143,63.95523977697776,295.21427815214133,-3.667359714510246,1.0,DC Fast Charger,Commuter,1.85,0.658087147741172,1.191912852258828,0.3557227825627957,71.85257225532501
User_1074,Chevy Bolt,62.0,Station_426,San Francisco,2024-02-14 17:00:00,2024-02-14 19:09:00,30.165570663990163,1.1724526452065331,27.388473644598392,Afternoon,Monday,77.60389702939446,58.55293988014034,185.55296492944055,37.22247845478768,5.0,DC Fast Charger,Casual Driver,2.15,1.1724526452065331,0.9775473547934668,0.5453268117239689,25.728604722177376
User_1075,Hyundai Kona,85.0,Station_57,Houston,2024-02-14 18:00:00,2024-02-14 21:06:00,34.895113266087755,1.603396900811905,33.67501826994361,Afternoon,Friday,61.53265078264192,89.00103781384965,269.8883399506302,-6.428742353356784,1.0,Level 1,Casual Driver,3.1,1.603396900811905,1.4966030991880952,0.5172248067135177,21.763241059289857
User_1080,Nissan Leaf,78.43167081675972,Station_286,Houston,2024-02-14 23:00:00,2024-02-15 01:32:00,38.08536376892858,1.9490036808846656,15.631651310622267,Evening,Saturday,11.83050192157471,97.62978359732809,135.7109313108204,-5.939205800025396,7.0,Level 1,Long-Distance Traveler,2.533333333333333,1.9490036808846656,0.5843296524486676,0.769343558243947,19.540939887625754
User_1081,Tesla Model 3,50.0,Station_344,San Francisco,2024-02-15 00:00:00,2024-02-15 02:02:00,27.752745917900945,0.9038658015347332,17.090719689060215,Afternoon,Sunday,24.843632006236238,87.93733107562853,265.6948968905379,34.02288007257426,1.0,Level 2,Casual Driver,2.033333333333333,0.9038658015347332,1.1294675317986,0.4445241646892131,30.704498246064553
User_1082,Chevy Bolt,85.0,Station_203,New York,2024-02-15 01:00:00,2024-02-15 04:45:00,41.65484517329656,0.1400299896270325,33.38775732066782,Evening,Wednesday,90.93158952764836,52.84209944919426,111.862595809181,13.073056451084344,2.931420755250761,DC Fast Charger,Casual Driver,3.75,0.1400299896270325,3.6099700103729675,0.03734133056720867,297.47088665966146
User_1084,Nissan Leaf,85.0,Station_279,Houston,2024-02-15 03:00:00,2024-02-15 06:02:00,68.56767860768713,1.5582031664365312,24.53486845772067,Afternoon,Saturday,68.2737038427022,93.57394709925563,92.04491202728217,-9.831678296419836,2.0,Level 1,Casual Driver,3.033333333333333,1.5582031664365312,1.475130166896802,0.5136933515724829,44.0043250358008
User_1086,Tesla Model 3,50.0,Station_129,Chicago,2024-02-15 05:00:00,2024-02-15 07:20:00,36.46547333950338,1.209165866938475,9.941509460290142,Morning,Monday,21.0234699710778,82.17941381709426,56.42945115351432,36.15182985380533,1.0,Level 1,Commuter,2.3333333333333335,1.209165866938475,1.1241674663948584,0.5182139429736321,30.157544416823026
User_1089,BMW i3,62.0,Station_252,Los Angeles,2024-02-15 08:00:00,2024-02-15 11:26:00,34.43336364069278,0.6802510481291344,12.645957460236408,Morning,Monday,77.30425196618461,54.73637426788959,265.8371724474847,22.206196007205108,3.0,Level 1,Long-Distance Traveler,3.433333333333333,0.6802510481291344,2.753082285204199,0.19813137324149546,50.61861166608034
User_1092,Chevy Bolt,75.0,Station_412,Los Angeles,2024-02-15 11:00:00,2024-02-15 14:49:00,59.79776909471581,2.122151382858424,22.934215021105235,Morning,Saturday,28.18918545742428,96.02650743055818,276.2253767652068,-0.6351476144346968,4.0,Level 2,Long-Distance Traveler,3.816666666666667,2.122151382858424,1.6945152838082427,0.5560221963821198,28.177899832089935
User_1096,Nissan Leaf,100.0,Station_214,New York,2024-02-15 15:00:00,2024-02-15 17:55:00,24.23053686415175,0.9340104811844988,23.52913871748544,Afternoon,Sunday,17.695975504183732,75.49959138981414,171.99160194813683,4.975285949972822,5.0,Level 1,Commuter,2.9166666666666665,0.9340104811844988,1.9826561854821678,0.3202321649775425,25.94246783336192
User_1097,BMW i3,85.0,Station_283,Chicago,2024-02-15 16:00:00,2024-02-15 19:31:00,21.70612432843914,2.5051031041296725,8.123500316259179,Evening,Saturday,17.075691755127025,94.5111556731093,169.8323958415097,18.748822095579296,5.0,Level 2,Casual Driver,3.5166666666666666,2.5051031041296725,1.011563562536994,0.7123515935913761,8.664762856529341
User_1099,BMW i3,85.0,Station_365,Los Angeles,2024-02-15 18:00:00,2024-02-15 21:38:00,35.17106494410814,1.3929038766830024,39.911041509385946,Morning,Monday,78.17670282487093,39.3282356555425,178.01073812685402,8.223655111977719,1.0,Level 2,Long-Distance Traveler,3.6333333333333333,1.3929038766830024,2.2404294566503307,0.38336803945403736,25.2501737793012
User_1101,Hyundai Kona,85.0,Station_148,Houston,2024-02-15 20:00:00,2024-02-15 22:40:00,34.077999734831565,2.364887014594136,19.570020631309163,Night,Monday,70.12447701929887,61.59652123034113,154.34561667139718,5.369915824151569,1.0,Level 1,Commuter,2.6666666666666665,2.364887014594136,0.30177965207253044,0.886832630472801,14.409990635717563
User_1102,Tesla Model 3,100.0,Station_321,Los Angeles,2024-02-15 21:00:00,2024-02-16 00:45:00,26.050244075726223,2.0344660264566903,36.21603706120729,Afternoon,Monday,88.85463220577344,69.4717483239227,211.49463071710636,19.394695410871684,2.0,Level 1,Commuter,3.75,2.0344660264566903,1.7155339735433097,0.542524273721784,12.804462565096946
User_1104,Chevy Bolt,75.0,Station_433,Chicago,2024-02-15 23:00:00,2024-02-16 02:14:00,15.42551087839598,1.7093751262201915,22.768107275665244,Night,Monday,27.099273239145614,55.421233705785504,218.1421991726112,0.009960832525655,1.0,DC Fast Charger,Long-Distance Traveler,3.2333333333333334,1.7093751262201915,1.523958207113142,0.5286727194495437,9.02406419853857
User_1108,Hyundai Kona,62.0,Station_47,Los Angeles,2024-02-16 03:00:00,2024-02-16 04:07:00,12.043247362327255,1.028622473739241,22.742839756510435,Afternoon,Wednesday,22.710613634601707,62.275933356308265,284.1948590642129,12.588517866407267,5.0,DC Fast Charger,Long-Distance Traveler,1.1166666666666667,1.028622473739241,0.0880441929274256,0.9211544540948428,11.70813167103741
User_1109,Chevy Bolt,85.0,Station_379,Chicago,2024-02-16 04:00:00,2024-02-16 06:23:00,61.23146590227786,2.331310347529361,38.66270263339264,Afternoon,Thursday,53.24028839982735,85.77640672316048,13.794461132920947,38.96386339724878,7.0,Level 2,Casual Driver,2.3833333333333333,2.331310347529361,0.052022985803972244,0.9781721737885432,26.264828261569193
User_1115,Chevy Bolt,100.0,Station_342,Houston,2024-02-16 10:00:00,2024-02-16 12:11:00,56.1150925022779,1.0574159301938304,16.347836099572703,Morning,Wednesday,22.3498792992591,80.08848451859055,81.96840140430736,36.59253901129126,7.0,Level 1,Commuter,2.183333333333333,1.0574159301938304,1.1259174031395027,0.4843126397834338,53.06813610420233
User_1117,BMW i3,85.0,Station_368,Houston,2024-02-16 12:00:00,2024-02-16 15:26:00,41.15701390960357,3.2634983979053573,13.44237938239953,Morning,Friday,31.46784537988397,77.45210904111309,125.7627771543212,29.45421239656008,5.0,Level 2,Casual Driver,3.433333333333333,3.2634983979053573,0.1698349354279758,0.9505335139530168,12.611317332351005
User_1118,Hyundai Kona,50.0,Station_430,Los Angeles,2024-02-16 13:00:00,2024-02-16 16:18:00,41.90586399017345,1.8944880905881227,26.728088262060343,Evening,Sunday,46.40094287119368,58.93316026656019,44.50589475990744,11.76834664939285,5.0,DC Fast Charger,Long-Distance Traveler,3.3,1.8944880905881227,1.405511909411877,0.5740873001782191,22.1198877936278
User_1125,Hyundai Kona,50.0,Station_477,San Francisco,2024-02-16 20:00:00,2024-02-16 23:29:00,75.09027362309024,1.8494180046914104,6.123307926752423,Afternoon,Thursday,61.92829078916798,50.51275746890818,150.26009954855095,23.981918302874558,3.0,DC Fast Charger,Long-Distance Traveler,3.4833333333333334,1.8494180046914104,1.633915328641923,0.530933398476003,40.60211019499598
User_1128,Hyundai Kona,62.0,Station_72,Houston,2024-02-16 23:00:00,2024-02-17 01:18:00,79.97267190690829,1.1579435522661186,8.471445140596401,Morning,Sunday,75.82897474627676,67.97645021887641,117.69789331623232,16.052413139147863,5.0,Level 1,Casual Driver,2.3,1.1579435522661186,1.1420564477338813,0.5034537183765734,69.06439588561997
User_1132,Tesla Model 3,60.30920245060118,Station_162,Chicago,2024-02-17 03:00:00,2024-02-17 06:18:00,41.13168722967361,0.6326302700939862,10.68119517297542,Morning,Thursday,64.74836809986499,92.69456876416793,224.55991659553533,11.133741048080472,4.435152229171791,Level 2,Commuter,3.3,0.6326302700939862,2.6673697299060137,0.1917061424527231,65.0169446105747
User_1133,Hyundai Kona,100.0,Station_327,San Francisco,2024-02-17 04:00:00,2024-02-17 06:09:00,55.199838402705424,1.7011173546131593,13.322594738904996,Afternoon,Tuesday,28.68722066034912,81.11188792121526,154.34561667139718,15.30316247182633,6.0,Level 2,Casual Driver,2.15,1.7011173546131593,0.44888264538684064,0.7912173742386788,32.4491653988552
User_1135,Chevy Bolt,75.0,Station_402,New York,2024-02-17 06:00:00,2024-02-17 09:52:00,37.49380570218128,1.8547686901055345,7.392687495551845,Night,Tuesday,86.54445155869516,93.38177891139344,215.89955356535245,0.4003548727503609,7.0,DC Fast Charger,Casual Driver,3.8666666666666667,1.8547686901055345,2.0118979765611322,0.4796815577859141,20.2148148727095
User_1141,Hyundai Kona,85.0,Station_200,Houston,2024-02-17 12:00:00,2024-02-17 13:48:00,45.45344885211073,1.4410908929776702,39.59705007618444,Night,Sunday,18.30616688088955,66.42847642409154,131.05424098801743,28.51369444569392,7.0,DC Fast Charger,Commuter,1.8,1.4410908929776702,0.3589091070223298,0.8006060516542612,31.541000691630238
User_1142,Hyundai Kona,100.0,Station_255,New York,2024-02-17 13:00:00,2024-02-17 15:19:00,31.728682285908047,2.2946149964785327,28.37686054009869,Morning,Wednesday,76.84081236656476,87.55877968530262,47.416211526470576,7.58003923341635,0.0,Level 2,Commuter,2.316666666666667,2.2946149964785327,0.022051670188134143,0.9904812934439708,13.827453553036554
User_1144,Nissan Leaf,75.0,Station_35,Houston,2024-02-17 15:00:00,2024-02-17 17:48:00,59.16864335631949,2.765621656971513,18.816994774424376,Afternoon,Thursday,50.51010596682404,68.59776436636375,156.81023942343762,29.06368772467245,1.0,DC Fast Charger,Long-Distance Traveler,2.8,2.765621656971513,0.034378343028486746,0.987722020346969,21.39433758307778
User_1146,BMW i3,62.0,Station_389,Chicago,2024-02-17 17:00:00,2024-02-17 19:18:00,66.24653780691024,1.2541996768004464,13.368981577593573,Evening,Friday,43.85148170771822,61.64849601577665,152.26221869616475,8.954126066691433,3.0,Level 1,Casual Driver,2.3,1.2541996768004464,1.0458003231995534,0.545304207304542,52.81976947714571
User_1149,Nissan Leaf,100.0,Station_158,Houston,2024-02-17 20:00:00,2024-02-17 22:01:00,77.12500791368723,1.2335246867841825,29.78525366156875,Morning,Friday,62.322640558525926,81.40719887465627,272.79517131853873,-3.663579908715522,1.0,Level 1,Casual Driver,2.0166666666666666,1.2335246867841825,0.7831419798824841,0.6116651339425698,62.52408949735192
User_1151,Tesla Model 3,75.0,Station_167,New York,2024-02-17 22:00:00,2024-02-17 23:42:00,50.5305305671186,1.0288856470267305,5.114862623250133,Evening,Sunday,25.34809142974842,63.66223405094776,62.52915278643372,-9.162198722399426,0.0,DC Fast Charger,Commuter,1.7,1.0288856470267305,0.6711143529732695,0.6052268511921944,49.1119015151407
User_1156,Chevy Bolt,24.739974705834577,Station_204,Chicago,2024-02-18 03:00:00,2024-02-18 04:12:00,38.69718656721909,0.5500176951424511,12.732121851156172,Evening,Thursday,27.790526414327424,54.73692996512599,384.6905685988771,36.663170798557424,5.0,Level 1,Long-Distance Traveler,1.2,0.5500176951424511,0.6499823048575488,0.45834807928537596,70.35625746040182
User_1157,Tesla Model 3,84.63170318839946,Station_194,New York,2024-02-18 04:00:00,2024-02-18 07:57:00,62.26265635402747,1.7046015910873678,17.18551040504302,Morning,Monday,34.7020621089598,51.28401319295174,299.66295076387314,9.250148405255208,2.0,Level 2,Casual Driver,3.95,1.7046015910873678,2.2453984089126324,0.43154470660439687,36.52622212696049
User_1160,Hyundai Kona,62.0,Station_150,Chicago,2024-02-18 07:00:00,2024-02-18 09:12:00,19.721540010730703,1.4832810341977656,9.040987724125769,Afternoon,Friday,58.69009594389493,84.5528682061711,32.32362538971208,35.769526773223475,1.4131071299836229,Level 1,Commuter,2.2,1.4832810341977656,0.7167189658022346,0.6742186519080752,13.29588901633676
User_1161,Tesla Model 3,28.59217552015043,Station_159,New York,2024-02-18 08:00:00,2024-02-18 10:33:00,68.45025675480477,2.1861491819293675,14.502847435826103,Afternoon,Thursday,26.459694563687,98.79022101047224,61.80897320870788,18.59929373713665,4.38750096917324,Level 1,Commuter,2.55,2.1861491819293675,0.36385081807063235,0.8573134046781834,31.310880941068522
User_1164,BMW i3,75.0,Station_404,Chicago,2024-02-18 11:00:00,2024-02-18 14:36:00,35.38265952853404,1.7178280150084737,16.08433954120137,Evening,Thursday,54.48146211687617,70.45984840964744,33.687799215282084,33.893571383819186,5.0,Level 1,Long-Distance Traveler,3.6,1.7178280150084737,1.8821719849915264,0.4771744486134649,20.597323608300513
User_1165,Nissan Leaf,62.0,Station_381,San Francisco,2024-02-18 12:00:00,2024-02-18 13:00:00,37.688027665454456,0.6024173820856626,33.81185989290742,Morning,Sunday,17.969742475972758,67.45668714691847,172.10193826820836,26.066961754406773,1.0,Level 2,Casual Driver,1.0,0.6024173820856626,0.39758261791433736,0.6024173820856626,62.56132174502111
User_1166,Nissan Leaf,110.6581279246,Station_166,Chicago,2024-02-18 13:00:00,2024-02-18 16:05:00,20.79343928787075,1.47066972117344,16.07618660146749,Afternoon,Saturday,33.55042871023524,93.64636491555372,155.78441572644002,13.65991905369698,6.0,Level 2,Commuter,3.0833333333333335,1.47066972117344,1.6126636121598934,0.4769739636238184,14.138755281695586
User_1168,Hyundai Kona,100.0,Station_68,Los Angeles,2024-02-18 15:00:00,2024-02-18 17:40:00,24.267335453342245,1.6404240382645088,15.806354520950686,Afternoon,Tuesday,74.6842236981937,79.53017447619905,80.31857002371548,11.697359728518473,6.0,DC Fast Charger,Long-Distance Traveler,2.6666666666666665,1.6404240382645088,1.0262426284021577,0.6151590143491908,14.793330801843126
User_1170,Hyundai Kona,100.0,Station_88,Houston,2024-02-18 17:00:00,2024-02-18 20:32:00,27.706067785342437,2.858349510172882,38.03642615891435,Afternoon,Tuesday,46.48302918515636,98.6273440219893,104.86167280604526,19.029287814233463,4.0,Level 1,Commuter,3.533333333333333,2.858349510172882,0.674983823160451,0.8089668425017591,9.693030081428596
User_1172,Nissan Leaf,50.0,Station_1,New York,2024-02-18 19:00:00,2024-02-18 22:35:00,45.36457787633022,0.5641102252550376,33.71264719385388,Afternoon,Thursday,39.08232599116617,91.73370608401818,109.93191496761852,37.330821979493706,5.0,DC Fast Charger,Commuter,3.5833333333333335,0.5641102252550376,3.019223108078296,0.15742610937349885,80.41793225042255
User_1173,Hyundai Kona,50.0,Station_135,Los Angeles,2024-02-18 20:00:00,2024-02-18 22:52:00,27.498043111589936,1.3744963855629204,8.154864479291327,Night,Monday,61.5644479971477,63.28972367444196,97.46236881264964,12.409795888371692,3.0,DC Fast Charger,Casual Driver,2.8666666666666667,1.3744963855629204,1.4921702811037463,0.47947548333590245,20.00590427186042
User_1176,Tesla Model 3,100.56515006953762,Station_140,Los Angeles,2024-02-18 23:00:00,2024-02-19 02:55:00,24.04346935025211,2.9065385519269062,25.4853474133791,Night,Monday,81.15318319370941,50.45003529318749,146.92200690081458,8.825917552483563,1.0,Level 1,Long-Distance Traveler,3.9166666666666665,2.9065385519269062,1.0101281147397603,0.7420949494281464,8.272200392563985
User_1177,Nissan Leaf,75.0,Station_106,New York,2024-02-19 00:00:00,2024-02-19 01:33:00,9.51652733339272,1.2783700242921128,15.141281107263376,Afternoon,Wednesday,18.262214822486705,88.41412998142081,207.1049873292505,27.830930909390297,0.0,Level 2,Casual Driver,1.55,1.2783700242921128,0.2716299757078873,0.8247548543820082,7.444266646241506
User_1178,Tesla Model 3,48.35371606217463,Station_133,Chicago,2024-02-19 01:00:00,2024-02-19 04:48:00,39.88426993608347,3.036909807335081,20.3396103891378,Evening,Wednesday,58.016494112477474,52.28837265751346,172.51949017269516,31.63668928912557,4.0,Level 1,Long-Distance Traveler,3.8,3.036909807335081,0.7630901926649187,0.7991867914039688,13.133175651035327
User_1180,Tesla Model 3,100.0,Station_178,Chicago,2024-02-19 03:00:00,2024-02-19 05:23:00,13.003539499532652,1.704673382416253,18.408041959008088,Evening,Sunday,40.69499213107397,57.66600893156081,245.858001075849,39.63190879237284,6.0,Level 2,Casual Driver,2.3833333333333333,1.704673382416253,0.6786599509170803,0.7152475730417844,7.628170671088359
User_1182,BMW i3,100.0,Station_358,Chicago,2024-02-19 05:00:00,2024-02-19 08:04:00,48.84665066850152,1.6639703334245637,17.932954042273728,Night,Monday,22.710321135632327,62.07007350536415,107.30820591544423,-0.3367154696195218,3.0,DC Fast Charger,Casual Driver,3.066666666666667,1.6639703334245637,1.4026963332421032,0.5425990217688794,29.35548169778472
User_1183,Hyundai Kona,100.0,Station_380,Houston,2024-02-19 06:00:00,2024-02-19 09:14:00,9.206012694775316,2.858817714150072,34.44812381475987,Morning,Thursday,46.607930464309526,66.14678806221944,280.54368535047314,18.455941632134504,7.0,DC Fast Charger,Casual Driver,3.2333333333333334,2.858817714150072,0.37451561918326126,0.8841704270567233,3.2202167522640623
User_1184,Nissan Leaf,75.0,Station_396,New York,2024-02-19 07:00:00,2024-02-19 09:00:00,19.93670718240265,1.9064831850782733,37.01873127551725,Morning,Monday,12.434282853171972,139.8974080530016,105.65724726981615,3.369212621798414,3.0,Level 2,Casual Driver,2.0,1.9064831850782733,0.0935168149217267,0.9532415925391367,10.457321280588227
User_1186,Chevy Bolt,85.0,Station_146,San Francisco,2024-02-19 09:00:00,2024-02-19 12:40:00,76.18778788307228,2.8502383451136155,22.64610296532649,Morning,Sunday,10.285314614367564,76.73373540916441,69.18658683479167,15.247349649826322,0.0,Level 1,Casual Driver,3.6666666666666665,2.8502383451136155,0.816428321553051,0.7773377304855316,26.730321698775438
User_1187,Tesla Model 3,75.0,Station_450,Houston,2024-02-19 10:00:00,2024-02-19 13:56:00,72.94073165721504,3.609229819666397,35.858869853499414,Night,Friday,44.08631934914307,61.937250516895816,19.30831574067269,38.666963309829576,6.0,DC Fast Charger,Casual Driver,3.933333333333333,3.609229819666397,0.3241035136669361,0.9176008016101009,20.209500447925755
User_1190,BMW i3,85.0,Station_478,San Francisco,2024-02-19 13:00:00,2024-02-19 15:29:00,17.199039032159078,1.6631801307711285,38.8861741410318,Night,Saturday,24.073834346422565,76.8111578328771,160.29392451031427,-4.2535329228156415,1.0,Level 2,Commuter,2.4833333333333334,1.6631801307711285,0.8201532025622049,0.6697369654111927,10.341056097263978
User_1192,Tesla Model 3,75.0,Station_122,Los Angeles,2024-02-19 15:00:00,2024-02-19 18:06:00,72.27855411576432,1.0953543616585946,11.989514562319911,Night,Monday,87.22062649241695,65.56631387099664,155.30508006828438,4.698829486440202,7.0,Level 1,Casual Driver,3.1,1.0953543616585946,2.0046456383414055,0.35334011666406273,65.98645757553706
User_1196,Tesla Model 3,62.0,Station_318,San Francisco,2024-02-19 19:00:00,2024-02-19 21:48:00,5.20011260069647,1.8876640005318568,30.865446026333004,Morning,Sunday,18.983577712791817,89.64463555022162,179.29269019534732,37.57672672417906,2.396060328531535,Level 1,Long-Distance Traveler,2.8,1.8876640005318568,0.912335999468143,0.6741657144756632,2.7547871862955047
User_1197,Nissan Leaf,50.0,Station_297,Chicago,2024-02-19 20:00:00,2024-02-19 21:43:00,28.77227402735012,1.1929063943723863,17.020098362641242,Evening,Friday,27.98535524715724,69.49637808673178,163.03903239714137,37.4853473103662,6.0,Level 2,Long-Distance Traveler,1.7166666666666666,1.1929063943723863,0.5237602722942802,0.6948969287606135,24.119473382895087
User_1198,Hyundai Kona,75.0,Station_479,Los Angeles,2024-02-19 21:00:00,2024-02-20 00:36:00,61.90801716904538,3.09976792162395,31.22274619292504,Night,Friday,18.216135308909685,88.05542208773109,291.18090476354723,18.77488486854991,3.0,Level 1,Casual Driver,3.6,3.09976792162395,0.5002320783760501,0.8610466448955416,19.97182328947134
User_1201,Nissan Leaf,75.0,Station_487,New York,2024-02-20 00:00:00,2024-02-20 03:13:00,65.10291874065945,1.0208252585151376,31.701056437042,Afternoon,Saturday,17.25397204903592,99.6717975680798,41.25609709872159,10.926311832543378,4.0,Level 1,Commuter,3.216666666666667,1.0208252585151376,2.195841408151529,0.317355002647193,63.77479220621582
User_1205,Chevy Bolt,100.0,Station_498,San Francisco,2024-02-20 04:00:00,2024-02-20 06:50:00,45.98918433743132,1.5990277384572906,19.23049024220647,Evening,Tuesday,63.54347399574311,60.39019372509928,113.45511882331388,5.824782102557993,3.0,Level 1,Casual Driver,2.8333333333333335,1.5990277384572906,1.2343055948760429,0.5643627312202202,28.760717047848555
User_1208,Chevy Bolt,61.95336635157009,Station_314,New York,2024-02-20 07:00:00,2024-02-20 10:52:00,23.050456238396517,3.661900843125582,9.644170358721697,Afternoon,Wednesday,36.14353480862364,50.590866788910525,286.3788213543384,-7.858269925073039,2.0,DC Fast Charger,Commuter,3.8666666666666667,3.661900843125582,0.20476582354108475,0.9470433214979953,6.294669688194509
User_1209,Nissan Leaf,50.0,Station_179,Chicago,2024-02-20 08:00:00,2024-02-20 09:39:00,39.97272424864232,0.6941299404276727,35.47518868295804,Morning,Thursday,88.2973709644651,71.13650830929953,60.91729092497904,11.022766626236226,4.0,Level 1,Casual Driver,1.65,0.6941299404276727,0.9558700595723272,0.4206848123804077,57.58680316255198
User_1210,Hyundai Kona,75.0,Station_382,Chicago,2024-02-20 09:00:00,2024-02-20 11:38:00,21.05357940478484,1.4617679826287715,46.17291743881244,Afternoon,Tuesday,50.70981922850209,64.13652349959695,135.63711211756276,26.193341439430043,5.0,DC Fast Charger,Long-Distance Traveler,2.6333333333333333,1.4617679826287715,1.1715653507045618,0.5551017655552297,14.402818815967716
User_1212,Chevy Bolt,62.0,Station_44,San Francisco,2024-02-20 11:00:00,2024-02-20 14:47:00,97.6677653925048,2.819041425308821,14.873470665507764,Afternoon,Saturday,31.7169107119339,63.995768026827264,249.0723706064663,-7.754748568636635,5.0,DC Fast Charger,Long-Distance Traveler,3.783333333333333,2.819041425308821,0.9642919080245123,0.745121081579424,34.64573614125074
User_1213,Chevy Bolt,100.0,Station_271,Los Angeles,2024-02-20 12:00:00,2024-02-20 15:54:00,39.94579631974886,2.705994138237201,29.24488324742495,Night,Tuesday,15.073705966426454,98.6113298985728,132.7866428816962,-5.499048907391532,1.0,Level 1,Casual Driver,3.9,2.705994138237201,1.194005861762799,0.6938446508300515,14.761967055025197
User_1217,Chevy Bolt,75.0,Station_357,Houston,2024-02-20 16:00:00,2024-02-20 19:24:00,77.63234569193523,3.306874017578997,10.906383271837058,Evening,Friday,54.643859299661386,58.01818477546587,101.40291219481855,2.211083949613,2.0,DC Fast Charger,Commuter,3.4,3.306874017578997,0.0931259824210029,0.9726100051702933,23.47605178765498
User_1219,Hyundai Kona,62.0,Station_416,San Francisco,2024-02-20 18:00:00,2024-02-20 20:23:00,28.337522357857683,2.2607468723450665,35.18238654954788,Night,Monday,25.450179505817587,95.74806410053785,85.88564156991364,15.725063881272998,7.0,DC Fast Charger,Casual Driver,2.3833333333333333,2.2607468723450665,0.12258646098826675,0.9485651212636643,12.53458434666029
User_1220,Tesla Model 3,100.0,Station_451,San Francisco,2024-02-20 19:00:00,2024-02-20 22:55:00,17.628897372729085,1.7302764040325571,30.594485769276694,Morning,Sunday,88.54355771236987,54.64351418640867,179.74890892986397,36.44591302779551,5.0,Level 1,Long-Distance Traveler,3.9166666666666665,1.7302764040325571,2.1863902626341094,0.4417726989019295,10.188486262451152
User_1221,Nissan Leaf,75.0,Station_3,San Francisco,2024-02-20 20:00:00,2024-02-20 22:37:00,45.45111536306598,1.1310299985017624,29.1510189697638,Night,Saturday,59.3130256074532,59.87147873828874,39.89135462894271,37.73130899577718,0.0,Level 2,Long-Distance Traveler,2.6166666666666667,1.1310299985017624,1.4856366681649043,0.43224076375863535,40.185596689100684
User_1223,BMW i3,85.0,Station_342,Chicago,2024-02-20 22:00:00,2024-02-21 00:31:00,23.942080345214407,2.159224759169293,23.77234837066541,Night,Saturday,24.122328324213527,90.8302547030802,190.20176564094436,-3.244674645052584,3.0,Level 1,Commuter,2.5166666666666666,2.159224759169293,0.3574419074973738,0.8579701029811759,11.08827612481876
User_1225,Chevy Bolt,50.0,Station_51,San Francisco,2024-02-21 00:00:00,2024-02-21 03:35:00,8.641282040664738,2.494662938263948,21.978604437867293,Night,Friday,13.24841775679932,85.29183868833562,132.61341582089574,0.8741646568865473,4.0,DC Fast Charger,Long-Distance Traveler,3.5833333333333335,2.494662938263948,1.0886703950693857,0.6961850060271482,3.46390765186028
User_1226,BMW i3,75.0,Station_67,San Francisco,2024-02-21 01:00:00,2024-02-21 02:05:00,11.139612943722046,0.767174747582585,37.3396294339549,Morning,Sunday,75.4379475116574,98.8551570193846,246.7058199314493,35.776099749649234,5.0,Level 1,Casual Driver,1.0833333333333333,0.767174747582585,0.3161585857507483,0.7081613054608478,14.52030711232826
User_1227,Chevy Bolt,100.0,Station_332,New York,2024-02-21 02:00:00,2024-02-21 03:01:00,46.40242818798875,0.9790760332303992,6.692686295834163,Night,Sunday,61.77141434640873,58.62527785976149,18.639471828786697,-1.8986919291078903,3.0,Level 1,Casual Driver,1.0166666666666666,0.9790760332303992,0.03759063343626745,0.9630256064561303,47.394100777737236
User_1231,Chevy Bolt,62.0,Station_7,New York,2024-02-21 06:00:00,2024-02-21 07:17:00,38.13860653803928,0.9480562282120272,21.81288373650265,Evening,Monday,79.20966433664086,147.49213012486788,145.0342957741259,39.70742947645548,7.0,Level 1,Casual Driver,1.2833333333333334,0.9480562282120272,0.33527710512130626,0.7387451128924887,40.22821157977753
User_1232,Nissan Leaf,85.0,Station_269,Chicago,2024-02-21 07:00:00,2024-02-21 10:51:00,37.9980325281785,2.0607338598297,16.652942996877634,Morning,Sunday,21.31000444838144,58.47308801172035,214.38410598075924,-1.8448305287580256,1.0,DC Fast Charger,Casual Driver,3.85,2.0607338598297,1.7892661401703003,0.5352555480077142,18.439078072565216
User_1234,Nissan Leaf,85.0,Station_322,San Francisco,2024-02-21 09:00:00,2024-02-21 12:07:00,60.624560710723856,1.9622731644438964,32.741871550778995,Night,Friday,71.5767881781005,66.87086121499186,286.4220888698516,29.72374373724621,4.0,Level 2,Long-Distance Traveler,3.1166666666666667,1.9622731644438964,1.1543935022227703,0.6296063629231753,30.895066909761624
User_1236,Hyundai Kona,75.0,Station_138,Los Angeles,2024-02-21 11:00:00,2024-02-21 12:29:00,5.868319195612725,0.890728405098075,21.90827594100225,Afternoon,Wednesday,28.90083254997095,97.35343585040852,280.9762024240972,-1.5624897888461415,4.0,Level 1,Commuter,1.4833333333333334,0.890728405098075,0.5926049282352583,0.6004910596166798,6.5882250549386985
User_1244,Nissan Leaf,75.0,Station_480,New York,2024-02-21 19:00:00,2024-02-21 22:54:00,35.15737675512804,0.1543006838884049,19.955886462562034,Night,Tuesday,76.27892651117047,83.58526083420006,31.791165374679405,-6.225485948901995,4.0,Level 2,Long-Distance Traveler,3.9,0.1543006838884049,3.745699316111595,0.03956427792010382,227.84977920483465
User_1246,Chevy Bolt,50.0,Station_393,Houston,2024-02-21 21:00:00,2024-02-22 00:10:00,43.12603811805074,2.7653907898092647,21.59525253632176,Morning,Friday,69.61870824455913,77.39673449495889,167.61739202432804,31.05761683790547,2.124835503089215,Level 2,Commuter,3.1666666666666665,2.7653907898092647,0.40127587685740185,0.873281302045031,15.594916377451751
User_1248,Nissan Leaf,85.0,Station_205,New York,2024-02-21 23:00:00,2024-02-22 01:36:00,33.67446234201802,2.008872705709381,37.39857228752191,Afternoon,Sunday,57.20207772870903,71.72530988079201,230.79083262324863,25.42640192513317,1.0,Level 1,Casual Driver,2.6,2.008872705709381,0.5911272942906192,0.7726433483497619,16.762865186187476
User_1250,BMW i3,62.0,Station_277,Chicago,2024-02-22 01:00:00,2024-02-22 04:07:00,14.11630705481829,0.9400021772463668,3.707066616087574,Afternoon,Friday,27.571039314792376,60.91086177664662,262.12941582158567,0.6693456361452217,5.0,Level 2,Commuter,3.1166666666666667,0.9400021772463668,2.1766644894203,0.30160497665658825,15.017313147263618
User_1252,Chevy Bolt,50.0,Station_486,Houston,2024-02-22 03:00:00,2024-02-22 06:26:00,26.586710215463047,1.7244365892735611,25.204753813243112,Afternoon,Tuesday,77.97541226482085,91.45202017355768,191.38730149081587,5.320091462398006,1.0,Level 1,Long-Distance Traveler,3.433333333333333,1.7244365892735611,1.708896744059772,0.5022630842544353,15.417621257191605
User_1254,BMW i3,62.0,Station_152,New York,2024-02-22 05:00:00,2024-02-22 06:41:00,37.51588423680197,0.7971326905760627,9.589103255340843,Evening,Tuesday,26.13580449214771,69.59485829935613,238.75053370508013,-2.5607833131144915,7.0,Level 2,Casual Driver,1.6833333333333333,0.7971326905760627,0.8862006427572706,0.4735441726194432,47.063537451575876
User_1255,Chevy Bolt,100.0,Station_443,Los Angeles,2024-02-22 06:00:00,2024-02-22 09:26:00,20.07464990247556,2.469105223394977,13.656835496798807,Afternoon,Tuesday,27.431445135133774,68.08524527719955,35.449160492718946,6.231144552493621,0.0,DC Fast Charger,Casual Driver,3.433333333333333,2.469105223394977,0.9642281099383561,0.719156861183003,8.130333900826333
User_1256,Hyundai Kona,100.0,Station_483,New York,2024-02-22 07:00:00,2024-02-22 10:24:00,10.390644028146834,1.4840355493987545,39.79579713027369,Evening,Wednesday,88.86128564501877,73.18196792983179,243.31469364958875,39.39447334918633,4.0,DC Fast Charger,Commuter,3.4,1.4840355493987545,1.9159644506012454,0.43648104394081016,7.001613965619977
User_1257,BMW i3,75.0,Station_259,Houston,2024-02-22 08:00:00,2024-02-22 09:25:00,5.892835163588776,1.2359897744455028,11.651157794244131,Afternoon,Saturday,12.90517914685882,57.543169274328136,100.99005497784172,16.892296483696548,1.0,Level 2,Commuter,1.4166666666666667,1.2359897744455028,0.1806768922211639,0.8724633701968255,4.767705433673555
User_1261,Hyundai Kona,100.0,Station_176,New York,2024-02-22 12:00:00,2024-02-22 14:43:00,49.48345837435455,1.7322676793318448,37.66079512400282,Evening,Sunday,23.264357666126408,53.993533699815,49.05420612095306,-7.478114898036261,4.0,Level 1,Long-Distance Traveler,2.716666666666667,1.7322676793318448,0.984398987334822,0.6376445445393293,28.565711272429258
User_1262,Tesla Model 3,75.0,Station_310,Chicago,2024-02-22 13:00:00,2024-02-22 14:58:00,25.527547211644688,0.4348899347683468,25.021181815618963,Afternoon,Sunday,20.065397433186966,80.3207465989539,265.2383489384838,18.99653953427724,4.0,Level 1,Commuter,1.9666666666666666,0.4348899347683468,1.5317767318983198,0.22113047530593907,58.69886877295164
User_1263,Nissan Leaf,50.0,Station_291,San Francisco,2024-02-22 14:00:00,2024-02-22 17:42:00,19.958025275991496,1.2982715793607214,37.06093993587496,Night,Friday,15.82012202213054,53.37481226496149,51.421823945873975,30.006274375568573,2.0,Level 1,Casual Driver,3.7,1.2982715793607214,2.401728420639279,0.35088421063803277,15.372766063183002
User_1269,Tesla Model 3,85.0,Station_461,San Francisco,2024-02-22 20:00:00,2024-02-22 22:56:00,27.63793401856366,1.920578840930284,10.218234726960972,Afternoon,Monday,38.42252020734118,73.05861868368035,206.43954119464837,9.383136165270326,7.0,Level 1,Commuter,2.933333333333333,1.920578840930284,1.0127544924030492,0.6547427866807787,14.390418882869959
User_1277,Tesla Model 3,100.0,Station_420,Houston,2024-02-23 04:00:00,2024-02-23 07:37:00,42.01795949517358,0.7302658470574883,13.08860586253993,Afternoon,Wednesday,55.03840484815587,70.45005705402863,1.899537885161329,14.641852951912686,5.0,DC Fast Charger,Long-Distance Traveler,3.6166666666666667,0.7302658470574883,2.8864008196091784,0.20191682407119493,57.5378948152642
User_1278,Hyundai Kona,75.0,Station_232,Los Angeles,2024-02-23 05:00:00,2024-02-23 07:19:00,27.99720488584749,1.7686214108047422,25.537205087810253,Evening,Wednesday,59.66062734267151,95.05422121053404,212.7082847889183,-6.855072544961956,0.0,DC Fast Charger,Commuter,2.316666666666667,1.7686214108047422,0.5480452558619247,0.763433702505644,15.82995926364391
User_1279,Nissan Leaf,50.0,Station_241,New York,2024-02-23 06:00:00,2024-02-23 09:13:00,34.54134762062127,2.539178253623862,26.03350587352015,Morning,Monday,16.960526964484828,84.59905625717587,181.85383722004755,13.028878136959383,2.0,DC Fast Charger,Commuter,3.216666666666667,2.539178253623862,0.6774884130428047,0.7893818405048275,13.603356743987778
User_1284,Nissan Leaf,50.0,Station_249,Houston,2024-02-23 11:00:00,2024-02-23 14:37:00,28.80292498005887,0.7584002476785885,20.89934494279457,Night,Friday,73.686855701566,81.23277626442751,22.3327261690371,-0.2573590462581006,3.0,DC Fast Charger,Casual Driver,3.6166666666666667,0.7584002476785885,2.8582664189880784,0.20969592101712123,37.97852791876409
User_1285,Hyundai Kona,63.99054362851797,Station_77,Los Angeles,2024-02-23 12:00:00,2024-02-23 14:57:00,30.98756655243088,1.932805944248584,35.73202834771418,Evening,Saturday,73.30724025708275,76.1746419526243,203.0602540355772,28.353832876793888,5.0,DC Fast Charger,Commuter,2.95,1.932805944248584,1.017194055751416,0.6551884556774861,16.032425109535712
User_1288,Nissan Leaf,62.0,Station_308,Houston,2024-02-23 15:00:00,2024-02-23 16:12:00,57.45442116792438,1.121155294576189,26.414588326334982,Morning,Sunday,32.341871528002784,89.61714559071812,57.289510474044846,33.49059845332999,1.0,Level 2,Casual Driver,1.2,1.121155294576189,0.07884470542381106,0.9342960788134907,51.24572969139203
User_1290,Hyundai Kona,50.0,Station_171,Houston,2024-02-23 17:00:00,2024-02-23 18:19:00,49.53480945615692,0.8052844859460296,23.99606518101227,Night,Sunday,79.74068238394702,53.90525934622092,279.43866960065594,4.524374959716525,5.0,DC Fast Charger,Casual Driver,1.3166666666666667,0.8052844859460296,0.511382180720637,0.6116084703387566,61.512186464097304
User_1291,Nissan Leaf,100.0,Station_474,Chicago,2024-02-23 18:00:00,2024-02-23 21:45:00,52.73977320604877,2.1813898087081207,33.817220614136,Afternoon,Wednesday,77.81061587085703,89.79452166165672,56.86080071118133,37.11824232877613,4.0,Level 2,Casual Driver,3.75,2.1813898087081207,1.5686101912918793,0.5817039489888322,24.17714293681546
User_1292,BMW i3,50.0,Station_22,Chicago,2024-02-23 19:00:00,2024-02-23 22:58:00,61.93297987243194,2.768766275908739,24.521404012067748,Evening,Monday,39.91480209371115,53.24601440984676,17.954439564327608,0.7108576076491264,0.8451896205457747,Level 2,Long-Distance Traveler,3.966666666666667,2.768766275908739,1.197900390757928,0.6980083048509426,22.36843911720388
User_1294,Nissan Leaf,62.0,Station_107,Houston,2024-02-23 21:00:00,2024-02-23 22:06:00,8.315805795177543,0.7281019856402245,20.704259793721377,Morning,Tuesday,38.55338956745308,56.84768445949299,271.52553023252364,35.821776108815385,2.9288113312957407,Level 2,Long-Distance Traveler,1.1,0.7281019856402245,0.37189801435977554,0.6619108960365677,11.421210158993597
User_1298,Chevy Bolt,80.2450010114166,Station_444,San Francisco,2024-02-24 01:00:00,2024-02-24 04:10:00,21.918495812082128,1.67314095226569,7.4928410057502575,Afternoon,Tuesday,69.62802306500127,62.80313877131577,198.5935943601873,29.094635424516376,7.0,Level 1,Long-Distance Traveler,3.1666666666666665,1.67314095226569,1.4935257144009766,0.528360300715481,13.100208791375955
User_1299,BMW i3,85.0,Station_442,Houston,2024-02-24 02:00:00,2024-02-24 03:49:00,21.795382498227173,1.171874031931034,27.460574765685376,Night,Saturday,55.13436223435677,68.54740388150834,39.03998202246087,-4.052803770997523,5.0,Level 2,Long-Distance Traveler,1.8166666666666667,1.171874031931034,0.6447926347356328,0.6450682744574499,18.598741762638408
User_1300,BMW i3,62.0,Station_396,Los Angeles,2024-02-24 03:00:00,2024-02-24 05:48:00,27.994930739365664,1.4754514936283083,7.260077620589138,Afternoon,Friday,87.5435489892284,57.434088091123016,42.800627669240896,3.8917272937508662,5.0,Level 1,Commuter,2.8,1.4754514936283083,1.3245485063716915,0.5269469620101102,18.97380622830429
User_1301,Hyundai Kona,62.0,Station_216,New York,2024-02-24 04:00:00,2024-02-24 06:57:00,35.7622826922978,1.9263703305377575,17.069973350002144,Afternoon,Friday,11.854880943442128,114.16784204294794,273.507012624569,39.20763826586747,3.0,Level 1,Long-Distance Traveler,2.95,1.9263703305377575,1.0236296694622427,0.6530068917077144,18.56459379869838
User_1307,BMW i3,75.0,Station_297,San Francisco,2024-02-24 10:00:00,2024-02-24 12:03:00,54.82511333467084,0.5572133283266743,22.930047950918,Morning,Saturday,71.30783710648447,96.7978122602596,69.72862342074428,23.6013697842573,5.0,Level 1,Long-Distance Traveler,2.05,0.5572133283266743,1.4927866716733256,0.27181137967154845,98.39160434175551
User_1308,Tesla Model 3,85.0,Station_313,Chicago,2024-02-24 11:00:00,2024-02-24 12:34:00,65.23254316413059,1.566585949247255,5.709498043896542,Afternoon,Monday,48.17084638968186,61.35366583401523,35.63520160727205,33.93763722562681,4.0,DC Fast Charger,Commuter,1.5666666666666667,1.566585949247255,8.071741941173549e-05,0.9999484782429287,41.639938871834545
User_1309,BMW i3,75.0,Station_181,Los Angeles,2024-02-24 12:00:00,2024-02-24 13:57:00,6.432324170240332,0.9302393081131928,16.431100809169195,Night,Friday,71.49380469579087,73.28659305072891,209.9835637216557,21.696951351475622,2.0,DC Fast Charger,Commuter,1.95,0.9302393081131928,1.0197606918868072,0.47704579903240657,6.9146983084245655
User_1311,Tesla Model 3,62.0,Station_268,New York,2024-02-24 14:00:00,2024-02-24 17:50:00,66.97990803084751,0.7756632656622946,38.83301030523854,Afternoon,Saturday,64.12607256669314,94.36493349621,154.34561667139718,36.43208816912748,1.0,Level 2,Casual Driver,3.8333333333333335,0.7756632656622946,3.057670067671039,0.20234693886842467,86.3517856213768
User_1312,Hyundai Kona,50.0,Station_13,Houston,2024-02-24 15:00:00,2024-02-24 18:53:00,74.27670057664027,2.8491514275571355,38.19400613708986,Night,Tuesday,41.34406167397294,50.4123412636568,194.7935438742961,7.731967314013154,3.0,Level 2,Commuter,3.8833333333333333,2.8491514275571355,1.0341819057761978,0.7336870628902494,26.06976233633365
User_1313,Nissan Leaf,75.0,Station_120,Houston,2024-02-24 16:00:00,2024-02-24 18:54:00,39.73385254628378,1.2492962907593128,19.413665080852823,Morning,Tuesday,55.86361499761188,85.12226222000578,154.34561667139718,24.108952961291443,0.0,Level 1,Casual Driver,2.9,1.2492962907593128,1.650703709240687,0.43079182439976305,31.804987207745445
User_1314,Tesla Model 3,129.35061620415664,Station_458,Chicago,2024-02-24 17:00:00,2024-02-24 19:35:00,60.7251438890711,2.365990922637261,11.289733305995538,Night,Saturday,41.85682469072815,94.09788342638664,279.55227750602785,-1.3699940674453366,3.0,Level 2,Long-Distance Traveler,2.5833333333333335,2.365990922637261,0.21734241069607263,0.915867453924101,25.665839757907264
User_1316,Nissan Leaf,100.0,Station_57,New York,2024-02-24 19:00:00,2024-02-24 20:30:00,42.01165353037616,1.426444321988523,22.08116362698238,Evening,Sunday,39.20410154877641,83.91595179926459,239.60107457934475,1.9196547033929288,7.0,DC Fast Charger,Commuter,1.5,1.426444321988523,0.073555678011477,0.950962881325682,29.452010767451586
